Transaction_ID,Date,Customer_ID,Age,Gender,Category,Price_USD,Quantity,Total_Spend_USD,Discount_Pct,Payment_Method,Rating,Is_Repeat_Customer
TXN-10000,2025-01-01 10:00:00,CUST-2824,35,Male,Electronics,24.19,5,120.95,0,UPI/NetBanking,,0
TXN-10001,2025-01-01 11:00:00,CUST-9279,53,Male,Home & Kitchen,81.92,2,163.84,5,Credit Card,4.2,1
TXN-10002,2025-01-01 12:00:00,CUST-5552,66,Male,Electronics,23.65,3,70.95,10,Debit Card,3.8,1
TXN-10003,2025-01-01 13:00:00,CUST-7201,36,Female,Home & Kitchen,183.16,5,915.8,0,Credit Card,4.5,1
TXN-10004,2025-01-01 14:00:00,CUST-2654,47,Female,Fashion,54.3,2,108.6,10,PayPal,2.2,0
TXN-10005,2025-01-01 15:00:00,CUST-3803,33,Male,Fashion,402.48,5,2012.4,0,Credit Card,5.0,1
TXN-10006,2025-01-01 16:00:00,CUST-7572,31,Female,Home & Kitchen,122.57,2,245.14,10,UPI/NetBanking,4.6,1
TXN-10007,2025-01-01 17:00:00,CUST-5339,65,Female,Electronics,89.67,5,448.35,5,Credit Card,3.9,0
TXN-10008,2025-01-01 18:00:00,CUST-2796,28,Female,Fashion,20.58,4,82.32,10,UPI/NetBanking,4.2,1
TXN-10009,2025-01-01 19:00:00,CUST-1188,25,Female,Fashion,41.38,3,124.14,0,UPI/NetBanking,5.0,0
TXN-10010,2025-01-01 20:00:00,CUST-9201,50,Female,Beauty,45.13,5,225.65,10,Credit Card,3.8,1
TXN-10011,2025-01-01 21:00:00,CUST-9689,56,Male,Electronics,239.95,3,719.85,0,Credit Card,5.0,1
TXN-10012,2025-01-01 22:00:00,CUST-9727,26,Female,Sports,30.34,5,151.7,20,UPI/NetBanking,4.7,1
TXN-10013,2025-01-01 23:00:00,CUST-4295,43,Non-Binary,Home & Kitchen,64.0,5,320.0,5,Credit Card,5.0,1
TXN-10014,2025-01-02 00:00:00,CUST-1117,58,Male,Electronics,17.71,3,53.13,0,Credit Card,4.3,0
TXN-10015,2025-01-02 01:00:00,CUST-3167,54,Female,Electronics,69.44,4,277.76,0,Credit Card,3.5,1
TXN-10016,2025-01-02 02:00:00,CUST-2612,64,Male,Beauty,39.3,2,78.6,10,Credit Card,4.6,1
TXN-10017,2025-01-02 03:00:00,CUST-2235,53,Male,Home & Kitchen,81.11,1,81.11,25,COD,4.6,0
TXN-10018,2025-01-02 04:00:00,CUST-7570,28,Male,Sports,41.19,4,164.76,0,PayPal,4.9,1
TXN-10019,2025-01-02 05:00:00,CUST-8973,36,Male,Electronics,128.12,1,128.12,15,Credit Card,2.8,0
TXN-10020,2025-01-02 06:00:00,CUST-9320,29,Male,Electronics,183.23,4,732.92,0,Debit Card,4.2,1
TXN-10021,2025-01-02 07:00:00,CUST-2343,55,Female,Fashion,40.68,3,122.04,0,UPI/NetBanking,4.0,1
TXN-10022,2025-01-02 08:00:00,CUST-2188,,Female,Home & Kitchen,23.95,5,119.75,0,Credit Card,4.8,1
TXN-10023,2025-01-02 09:00:00,CUST-5002,28,Male,Fashion,45.62,5,228.1,0,Debit Card,3.3,0
TXN-10024,2025-01-02 10:00:00,CUST-2891,65,Female,Electronics,93.92,3,281.76,0,UPI/NetBanking,2.8,1
TXN-10025,2025-01-02 11:00:00,CUST-1832,45,Female,Electronics,49.49,2,98.98,10,Credit Card,3.5,0
TXN-10026,2025-01-02 12:00:00,CUST-2232,62,Female,Fashion,167.95,5,839.75,10,UPI/NetBanking,4.0,0
TXN-10027,2025-01-02 13:00:00,CUST-1653,31,Female,Home & Kitchen,52.1,5,260.5,20,UPI/NetBanking,5.0,1
TXN-10028,2025-01-02 14:00:00,CUST-3900,19,Male,Sports,144.63,4,578.52,15,Debit Card,5.0,0
TXN-10029,2025-01-02 15:00:00,CUST-2771,20,Female,Electronics,159.16,4,636.64,5,Debit Card,4.4,0
TXN-10030,2025-01-02 16:00:00,CUST-5564,67,Male,Home & Kitchen,58.37,5,291.85,5,Credit Card,5.0,0
TXN-10031,2025-01-02 17:00:00,CUST-5349,56,Male,Home & Kitchen,46.99,5,234.95,25,Credit Card,4.3,1
TXN-10032,2025-01-02 18:00:00,CUST-9518,52,Female,Sports,128.54,2,257.08,5,Credit Card,4.4,0
TXN-10033,2025-01-02 19:00:00,CUST-6143,25,Female,Fashion,46.45,4,185.8,5,PayPal,4.6,0
TXN-10034,2025-01-02 20:00:00,CUST-3851,37,Male,Beauty,45.79,2,91.58,5,UPI/NetBanking,5.0,1
TXN-10035,2025-01-02 21:00:00,CUST-8244,50,Male,Sports,150.13,2,300.26,10,Credit Card,4.0,1
TXN-10036,2025-01-02 22:00:00,CUST-4848,32,Female,Electronics,19.02,4,76.08,10,PayPal,4.0,1
TXN-10037,2025-01-02 23:00:00,CUST-4185,42,Female,Electronics,105.72,1,105.72,20,Debit Card,4.3,1
TXN-10038,2025-01-03 00:00:00,CUST-9486,53,Male,Beauty,66.82,4,267.28,10,COD,3.7,1
TXN-10039,2025-01-03 01:00:00,CUST-8251,64,Female,Fashion,216.76,4,867.04,20,PayPal,4.2,1
TXN-10040,2025-01-03 02:00:00,CUST-9540,33,Male,Electronics,43.6,3,130.8,5,Debit Card,4.7,0
TXN-10041,2025-01-03 03:00:00,CUST-7275,63,Male,Fashion,49.15,4,196.6,5,Credit Card,5.0,1
TXN-10042,2025-01-03 04:00:00,CUST-7232,40,Male,Fashion,203.9,4,815.6,10,PayPal,3.7,1
TXN-10043,2025-01-03 05:00:00,CUST-8999,45,Female,Fashion,108.95,4,435.8,15,Debit Card,5.0,1
TXN-10044,2025-01-03 06:00:00,CUST-1444,45,Male,Fashion,19.39,4,77.56,5,UPI/NetBanking,4.1,1
TXN-10045,2025-01-03 07:00:00,CUST-5558,44,Male,Electronics,16.66,5,83.3,0,COD,5.0,0
TXN-10046,2025-01-03 08:00:00,CUST-1508,30,Female,Home & Kitchen,38.16,4,152.64,10,UPI/NetBanking,4.9,1
TXN-10047,2025-01-03 09:00:00,CUST-7043,56,Non-Binary,Home & Kitchen,142.85,2,285.7,25,Credit Card,,0
TXN-10048,2025-01-03 10:00:00,CUST-7149,63,Male,Home & Kitchen,165.9,2,331.8,0,PayPal,3.9,1
TXN-10049,2025-01-03 11:00:00,CUST-1672,45,Female,Electronics,103.64,1,103.64,15,Debit Card,4.0,1
TXN-10050,2025-01-03 12:00:00,CUST-8532,45,Male,Fashion,104.35,5,521.75,15,UPI/NetBanking,3.2,0
TXN-10051,2025-01-03 13:00:00,CUST-5022,23,Male,Fashion,133.0,5,665.0,10,UPI/NetBanking,,1
TXN-10052,2025-01-03 14:00:00,CUST-3979,40,Female,Fashion,195.45,3,586.35,10,UPI/NetBanking,4.6,0
TXN-10053,2025-01-03 15:00:00,CUST-7658,66,Male,Fashion,120.76,4,483.04,15,Credit Card,4.0,1
TXN-10054,2025-01-03 16:00:00,CUST-8753,40,Male,Home & Kitchen,49.14,4,196.56,0,Credit Card,3.6,0
TXN-10055,2025-01-03 17:00:00,CUST-2958,66,Female,Electronics,129.05,3,387.15,15,COD,4.1,0
TXN-10056,2025-01-03 18:00:00,CUST-4727,37,Male,Fashion,42.25,1,42.25,10,PayPal,4.5,1
TXN-10057,2025-01-03 19:00:00,CUST-9042,18,Female,Fashion,64.36,2,128.72,25,Credit Card,4.4,1
TXN-10058,2025-01-03 20:00:00,CUST-1878,69,Female,Fashion,448.71,1,448.71,10,UPI/NetBanking,4.4,1
TXN-10059,2025-01-03 21:00:00,CUST-9561,46,Male,Home & Kitchen,62.61,5,313.05,10,UPI/NetBanking,4.7,0
TXN-10060,2025-01-03 22:00:00,CUST-2330,29,Female,Electronics,59.64,5,298.2,5,Credit Card,4.0,0
TXN-10061,2025-01-03 23:00:00,CUST-8438,32,Female,Beauty,98.38,2,196.76,5,UPI/NetBanking,5.0,0
TXN-10062,2025-01-04 00:00:00,CUST-3718,56,Female,Home & Kitchen,43.95,1,43.95,5,Credit Card,3.5,0
TXN-10063,2025-01-04 01:00:00,CUST-9847,23,Female,Beauty,127.73,5,638.65,0,Credit Card,4.7,1
TXN-10064,2025-01-04 02:00:00,CUST-5415,66,Female,Fashion,104.6,3,313.8,0,UPI/NetBanking,3.4,1
TXN-10065,2025-01-04 03:00:00,CUST-2494,44,Male,Home & Kitchen,180.75,3,542.25,5,UPI/NetBanking,3.2,0
TXN-10066,2025-01-04 04:00:00,CUST-2442,38,Male,Beauty,185.15,1,185.15,10,UPI/NetBanking,4.9,0
TXN-10067,2025-01-04 05:00:00,CUST-6927,49,Female,Beauty,34.35,5,171.75,0,Credit Card,4.0,1
TXN-10068,2025-01-04 06:00:00,CUST-4920,37,Female,Home & Kitchen,23.32,1,23.32,5,Credit Card,4.2,1
TXN-10069,2025-01-04 07:00:00,CUST-5781,35,Male,Fashion,69.32,4,277.28,10,UPI/NetBanking,2.8,1
TXN-10070,2025-01-04 08:00:00,CUST-5526,44,Male,Beauty,41.42,1,41.42,0,Credit Card,4.1,1
TXN-10071,2025-01-04 09:00:00,CUST-9022,46,Female,Fashion,83.24,5,416.2,5,COD,4.7,0
TXN-10072,2025-01-04 10:00:00,CUST-7730,65,Male,Sports,55.8,2,111.6,5,Credit Card,4.1,1
TXN-10073,2025-01-04 11:00:00,CUST-2644,46,Male,Sports,16.31,2,32.62,5,PayPal,2.4,0
TXN-10074,2025-01-04 12:00:00,CUST-7512,39,Female,Beauty,55.63,3,166.89,10,Debit Card,4.6,1
TXN-10075,2025-01-04 13:00:00,CUST-2121,61,Female,Sports,131.74,4,526.96,25,PayPal,4.5,0
TXN-10076,2025-01-04 14:00:00,CUST-1474,68,Male,Fashion,62.88,2,125.76,10,UPI/NetBanking,4.4,0
TXN-10077,2025-01-04 15:00:00,CUST-2293,42,Female,Electronics,222.39,2,444.78,0,UPI/NetBanking,3.5,1
TXN-10078,2025-01-04 16:00:00,CUST-5712,28,Male,Sports,388.51,3,1165.53,10,UPI/NetBanking,2.9,1
TXN-10079,2025-01-04 17:00:00,CUST-4263,48,Male,Fashion,52.8,3,158.4,25,Credit Card,3.9,1
TXN-10080,2025-01-04 18:00:00,CUST-1803,65,Female,Sports,43.66,2,87.32,10,UPI/NetBanking,3.7,1
TXN-10081,2025-01-04 19:00:00,CUST-3240,58,Female,Fashion,64.41,5,322.05,5,Credit Card,3.9,0
TXN-10082,2025-01-04 20:00:00,CUST-9837,41,Female,Sports,165.85,3,497.55,20,COD,4.8,0
TXN-10083,2025-01-04 21:00:00,CUST-6549,47,Non-Binary,Electronics,303.68,4,1214.72,25,Debit Card,4.2,1
TXN-10084,2025-01-04 22:00:00,CUST-8451,65,Female,Home & Kitchen,161.91,3,485.73,0,Credit Card,,1
TXN-10085,2025-01-04 23:00:00,CUST-6374,32,Female,Home & Kitchen,68.05,3,204.15,10,Credit Card,4.1,0
TXN-10086,2025-01-05 00:00:00,CUST-9071,33,Female,Electronics,66.38,5,331.9,5,PayPal,3.9,1
TXN-10087,2025-01-05 01:00:00,CUST-7686,35,Male,Fashion,64.8,2,129.6,20,Credit Card,4.4,1
TXN-10088,2025-01-05 02:00:00,CUST-6876,35,Male,Electronics,175.15,4,700.6,0,Credit Card,4.4,0
TXN-10089,2025-01-05 03:00:00,CUST-3063,31,Male,Beauty,34.73,2,69.46,15,Credit Card,4.2,1
TXN-10090,2025-01-05 04:00:00,CUST-1046,27,Non-Binary,Fashion,151.17,1,151.17,10,Credit Card,,1
TXN-10091,2025-01-05 05:00:00,CUST-4898,19,Male,Electronics,130.06,5,650.3,0,Credit Card,3.6,1
TXN-10092,2025-01-05 06:00:00,CUST-4629,20,Female,Sports,106.43,3,319.29,5,COD,4.9,1
TXN-10093,2025-01-05 07:00:00,CUST-7580,24,Female,Sports,21.49,1,21.49,5,Credit Card,3.5,1
TXN-10094,2025-01-05 08:00:00,CUST-7240,51,Male,Fashion,62.81,1,62.81,20,PayPal,3.5,1
TXN-10095,2025-01-05 09:00:00,CUST-4522,32,Male,Beauty,58.24,1,58.24,5,Credit Card,5.0,1
TXN-10096,2025-01-05 10:00:00,CUST-2494,23,Male,Home & Kitchen,54.63,2,109.26,10,UPI/NetBanking,3.9,0
TXN-10097,2025-01-05 11:00:00,CUST-3002,60,Female,Fashion,225.38,1,225.38,25,UPI/NetBanking,3.8,1
TXN-10098,2025-01-05 12:00:00,CUST-4674,40,Female,Fashion,137.23,5,686.15,0,UPI/NetBanking,4.0,1
TXN-10099,2025-01-05 13:00:00,CUST-1430,60,Female,Electronics,31.91,3,95.73,20,UPI/NetBanking,4.8,0
TXN-10100,2025-01-05 14:00:00,CUST-1502,51,Male,Fashion,50.43,3,151.29,5,Credit Card,5.0,1
TXN-10101,2025-01-05 15:00:00,CUST-1861,66,Female,Home & Kitchen,42.0,4,168.0,5,UPI/NetBanking,4.2,1
TXN-10102,2025-01-05 16:00:00,CUST-5640,55,Female,Home & Kitchen,18.95,4,75.8,25,Credit Card,3.9,1
TXN-10103,2025-01-05 17:00:00,CUST-3248,36,Male,Electronics,131.83,2,263.66,0,UPI/NetBanking,3.2,0
TXN-10104,2025-01-05 18:00:00,CUST-7505,20,Male,Fashion,21.89,3,65.67,10,UPI/NetBanking,3.8,1
TXN-10105,2025-01-05 19:00:00,CUST-2887,38,Male,Sports,67.39,3,202.17,0,Debit Card,3.5,0
TXN-10106,2025-01-05 20:00:00,CUST-6083,32,Male,Electronics,75.72,1,75.72,10,Credit Card,3.7,0
TXN-10107,2025-01-05 21:00:00,CUST-3419,27,Male,Electronics,29.1,1,29.1,0,PayPal,4.2,1
TXN-10108,2025-01-05 22:00:00,CUST-6295,58,Male,Fashion,68.79,3,206.37,15,UPI/NetBanking,3.0,0
TXN-10109,2025-01-05 23:00:00,CUST-8565,21,Male,Electronics,102.95,1,102.95,10,UPI/NetBanking,3.0,1
TXN-10110,2025-01-06 00:00:00,CUST-8368,54,Female,Fashion,69.87,2,139.74,25,UPI/NetBanking,3.8,1
TXN-10111,2025-01-06 01:00:00,CUST-2381,29,Male,Home & Kitchen,415.26,5,2076.3,10,Credit Card,4.1,0
TXN-10112,2025-01-06 02:00:00,CUST-1857,59,Male,Fashion,84.39,4,337.56,0,PayPal,4.9,1
TXN-10113,2025-01-06 03:00:00,CUST-3463,55,Female,Sports,46.57,4,186.28,0,PayPal,3.3,0
TXN-10114,2025-01-06 04:00:00,CUST-3093,65,Non-Binary,Sports,23.34,4,93.36,10,Credit Card,3.8,1
TXN-10115,2025-01-06 05:00:00,CUST-6598,49,Male,Sports,29.31,3,87.93,15,Credit Card,4.9,0
TXN-10116,2025-01-06 06:00:00,CUST-6517,57,Male,Fashion,30.05,5,150.25,15,Credit Card,3.0,1
TXN-10117,2025-01-06 07:00:00,CUST-4891,57,Male,Home & Kitchen,65.65,5,328.25,0,COD,4.6,1
TXN-10118,2025-01-06 08:00:00,CUST-8218,36,Female,Fashion,61.11,2,122.22,15,Debit Card,3.9,0
TXN-10119,2025-01-06 09:00:00,CUST-8873,53,Female,Home & Kitchen,76.67,1,76.67,0,PayPal,4.5,1
TXN-10120,2025-01-06 10:00:00,CUST-4637,40,Female,Fashion,57.92,3,173.76,0,COD,4.0,0
TXN-10121,2025-01-06 11:00:00,CUST-2623,59,Male,Electronics,18.32,4,73.28,10,Credit Card,4.1,0
TXN-10122,2025-01-06 12:00:00,CUST-5193,27,Female,Home & Kitchen,78.77,1,78.77,15,Credit Card,4.2,0
TXN-10123,2025-01-06 13:00:00,CUST-8489,49,Female,Electronics,76.57,2,153.14,15,Credit Card,,0
TXN-10124,2025-01-06 14:00:00,CUST-7825,60,Male,Sports,20.96,5,104.8,10,PayPal,5.0,0
TXN-10125,2025-01-06 15:00:00,CUST-7338,34,Female,Fashion,20.95,2,41.9,15,UPI/NetBanking,4.4,1
TXN-10126,2025-01-06 16:00:00,CUST-6447,40,Female,Beauty,31.36,4,125.44,25,UPI/NetBanking,4.9,1
TXN-10127,2025-01-06 17:00:00,CUST-1605,20,Female,Beauty,47.23,3,141.69,10,COD,5.0,0
TXN-10128,2025-01-06 18:00:00,CUST-4131,67,Male,Home & Kitchen,42.13,3,126.39,5,UPI/NetBanking,4.8,0
TXN-10129,2025-01-06 19:00:00,CUST-9151,69,Female,Beauty,125.38,1,125.38,5,COD,4.0,0
TXN-10130,2025-01-06 20:00:00,CUST-2680,60,Male,Fashion,122.5,2,245.0,10,UPI/NetBanking,4.6,1
TXN-10131,2025-01-06 21:00:00,CUST-5498,68,Female,Electronics,101.26,3,303.78,10,PayPal,3.7,0
TXN-10132,2025-01-06 22:00:00,CUST-8179,22,Male,Home & Kitchen,53.22,5,266.1,0,Credit Card,3.7,0
TXN-10133,2025-01-06 23:00:00,CUST-3255,43,Male,Electronics,289.72,1,289.72,15,UPI/NetBanking,4.7,1
TXN-10134,2025-01-07 00:00:00,CUST-5288,63,Male,Sports,43.58,4,174.32,0,Credit Card,4.7,1
TXN-10135,2025-01-07 01:00:00,CUST-6236,63,Male,Fashion,203.65,2,407.3,15,COD,5.0,1
TXN-10136,2025-01-07 02:00:00,CUST-9335,30,Female,Electronics,72.91,3,218.73,10,UPI/NetBanking,3.3,0
TXN-10137,2025-01-07 03:00:00,CUST-6067,63,Female,Fashion,139.61,5,698.05,0,COD,3.9,1
TXN-10138,2025-01-07 04:00:00,CUST-9476,67,Female,Home & Kitchen,139.11,2,278.22,5,COD,4.5,0
TXN-10139,2025-01-07 05:00:00,CUST-6286,32,Male,Sports,206.51,1,206.51,0,UPI/NetBanking,4.5,0
TXN-10140,2025-01-07 06:00:00,CUST-5961,23,Female,Electronics,256.45,2,512.9,0,UPI/NetBanking,3.4,0
TXN-10141,2025-01-07 07:00:00,CUST-1464,59,Female,Electronics,35.12,5,175.6,5,UPI/NetBanking,5.0,1
TXN-10142,2025-01-07 08:00:00,CUST-5745,37,Female,Beauty,113.19,3,339.57,5,PayPal,3.5,0
TXN-10143,2025-01-07 09:00:00,CUST-3353,63,Male,Sports,51.01,4,204.04,0,UPI/NetBanking,4.6,0
TXN-10144,2025-01-07 10:00:00,CUST-8642,46,Male,Electronics,44.14,4,176.56,20,UPI/NetBanking,5.0,1
TXN-10145,2025-01-07 11:00:00,CUST-6123,28,Female,Fashion,73.71,3,221.13,5,Credit Card,3.5,1
TXN-10146,2025-01-07 12:00:00,CUST-4944,40,Male,Electronics,92.36,4,369.44,0,Credit Card,4.6,0
TXN-10147,2025-01-07 13:00:00,CUST-7606,43,Male,Home & Kitchen,53.27,3,159.81,0,UPI/NetBanking,4.6,0
TXN-10148,2025-01-07 14:00:00,CUST-2946,24,Male,Beauty,50.2,3,150.6,15,Credit Card,4.0,0
TXN-10149,2025-01-07 15:00:00,CUST-6456,51,Male,Home & Kitchen,76.6,3,229.8,20,Credit Card,4.2,1
TXN-10150,2025-01-07 16:00:00,CUST-5902,50,Female,Fashion,119.85,3,359.55,5,Credit Card,4.8,0
TXN-10151,2025-01-07 17:00:00,CUST-1436,34,Non-Binary,Beauty,142.23,5,711.15,0,Credit Card,4.7,1
TXN-10152,2025-01-07 18:00:00,CUST-7229,61,Male,Home & Kitchen,117.49,2,234.98,0,Credit Card,3.9,1
TXN-10153,2025-01-07 19:00:00,CUST-8726,65,Female,Home & Kitchen,77.15,5,385.75,5,PayPal,3.5,0
TXN-10154,2025-01-07 20:00:00,CUST-3837,52,Male,Fashion,140.66,3,421.98,10,Credit Card,3.7,1
TXN-10155,2025-01-07 21:00:00,CUST-5876,63,Male,Home & Kitchen,47.41,3,142.23,10,COD,4.0,0
TXN-10156,2025-01-07 22:00:00,CUST-9899,43,Female,Sports,153.79,3,461.37,0,COD,5.0,1
TXN-10157,2025-01-07 23:00:00,CUST-4505,52,Male,Home & Kitchen,41.94,1,41.94,10,UPI/NetBanking,3.7,1
TXN-10158,2025-01-08 00:00:00,CUST-9700,32,Male,Fashion,122.4,1,122.4,10,Credit Card,4.6,1
TXN-10159,2025-01-08 01:00:00,CUST-8793,30,Female,Electronics,43.56,1,43.56,20,Credit Card,4.1,1
TXN-10160,2025-01-08 02:00:00,CUST-1611,29,Male,Beauty,245.94,1,245.94,25,UPI/NetBanking,5.0,1
TXN-10161,2025-01-08 03:00:00,CUST-1613,,Female,Electronics,361.31,3,1083.93,5,UPI/NetBanking,3.5,1
TXN-10162,2025-01-08 04:00:00,CUST-3198,47,Male,Beauty,49.13,4,196.52,10,PayPal,,0
TXN-10163,2025-01-08 05:00:00,CUST-5833,66,Male,Home & Kitchen,101.54,4,406.16,15,UPI/NetBanking,4.0,0
TXN-10164,2025-01-08 06:00:00,CUST-6301,18,Male,Electronics,134.12,3,402.36,5,PayPal,,1
TXN-10165,2025-01-08 07:00:00,CUST-4871,25,Male,Electronics,113.48,3,340.44,10,UPI/NetBanking,3.8,0
TXN-10166,2025-01-08 08:00:00,CUST-4618,26,Male,Fashion,397.1,3,1191.3,5,UPI/NetBanking,3.2,0
TXN-10167,2025-01-08 09:00:00,CUST-5054,56,Female,Electronics,65.32,3,195.96,0,UPI/NetBanking,4.0,1
TXN-10168,2025-01-08 10:00:00,CUST-9281,52,Male,Fashion,77.45,1,77.45,10,PayPal,4.8,0
TXN-10169,2025-01-08 11:00:00,CUST-3161,47,Female,Home & Kitchen,109.95,3,329.85,15,UPI/NetBanking,3.7,1
TXN-10170,2025-01-08 12:00:00,CUST-2196,40,Female,Fashion,20.28,1,20.28,25,UPI/NetBanking,4.4,1
TXN-10171,2025-01-08 13:00:00,CUST-7887,42,Male,Sports,55.29,1,55.29,10,PayPal,4.5,1
TXN-10172,2025-01-08 14:00:00,CUST-6697,52,Male,Electronics,342.27,1,342.27,15,COD,4.1,0
TXN-10173,2025-01-08 15:00:00,CUST-4762,40,Male,Electronics,191.89,1,191.89,0,PayPal,3.5,1
TXN-10174,2025-01-08 16:00:00,CUST-1256,22,Male,Electronics,92.42,1,92.42,0,Credit Card,3.1,1
TXN-10175,2025-01-08 17:00:00,CUST-3295,36,Male,Sports,87.95,5,439.75,10,PayPal,3.9,0
TXN-10176,2025-01-08 18:00:00,CUST-3347,51,Male,Fashion,20.35,5,101.75,20,COD,3.5,1
TXN-10177,2025-01-08 19:00:00,CUST-7244,38,Female,Fashion,45.3,2,90.6,15,UPI/NetBanking,4.6,0
TXN-10178,2025-01-08 20:00:00,CUST-3365,21,Female,Sports,84.26,2,168.52,5,Credit Card,4.9,0
TXN-10179,2025-01-08 21:00:00,CUST-9775,30,Male,Fashion,93.95,1,93.95,20,Credit Card,4.6,1
TXN-10180,2025-01-08 22:00:00,CUST-4555,39,Male,Sports,35.23,2,70.46,25,Credit Card,3.7,1
TXN-10181,2025-01-08 23:00:00,CUST-4350,33,Female,Beauty,55.72,5,278.6,10,Credit Card,4.3,1
TXN-10182,2025-01-09 00:00:00,CUST-8635,64,Male,Beauty,223.87,3,671.61,5,Credit Card,4.2,1
TXN-10183,2025-01-09 01:00:00,CUST-7841,30,Male,Fashion,167.31,4,669.24,10,COD,4.1,1
TXN-10184,2025-01-09 02:00:00,CUST-9005,59,Female,Fashion,127.17,3,381.51,0,PayPal,5.0,1
TXN-10185,2025-01-09 03:00:00,CUST-1962,22,Female,Home & Kitchen,137.86,4,551.44,0,UPI/NetBanking,3.8,0
TXN-10186,2025-01-09 04:00:00,CUST-4583,41,Male,Home & Kitchen,245.91,4,983.64,10,Credit Card,4.1,1
TXN-10187,2025-01-09 05:00:00,CUST-9777,19,Female,Home & Kitchen,62.87,2,125.74,0,Credit Card,4.3,0
TXN-10188,2025-01-09 06:00:00,CUST-9625,40,Male,Fashion,54.69,4,218.76,5,Credit Card,3.8,0
TXN-10189,2025-01-09 07:00:00,CUST-1519,42,Male,Fashion,101.08,2,202.16,0,Debit Card,5.0,0
TXN-10190,2025-01-09 08:00:00,CUST-2562,20,Male,Sports,115.18,5,575.9,5,Credit Card,5.0,1
TXN-10191,2025-01-09 09:00:00,CUST-1539,38,Male,Electronics,28.24,4,112.96,20,Credit Card,3.5,1
TXN-10192,2025-01-09 10:00:00,CUST-7375,52,Male,Beauty,27.82,1,27.82,10,COD,3.0,0
TXN-10193,2025-01-09 11:00:00,CUST-7499,38,Male,Electronics,431.87,4,1727.48,0,UPI/NetBanking,4.7,0
TXN-10194,2025-01-09 12:00:00,CUST-7227,57,Male,Electronics,21.49,3,64.47,0,PayPal,4.2,0
TXN-10195,2025-01-09 13:00:00,CUST-1085,46,Male,Electronics,27.08,2,54.16,5,UPI/NetBanking,3.6,0
TXN-10196,2025-01-09 14:00:00,CUST-2468,23,Female,Beauty,184.41,1,184.41,0,UPI/NetBanking,5.0,1
TXN-10197,2025-01-09 15:00:00,CUST-9537,42,Male,Electronics,41.57,2,83.14,0,UPI/NetBanking,3.3,1
TXN-10198,2025-01-09 16:00:00,CUST-2260,33,Female,Fashion,96.5,4,386.0,0,Credit Card,3.7,1
TXN-10199,2025-01-09 17:00:00,CUST-6399,45,Female,Beauty,325.96,2,651.92,5,UPI/NetBanking,5.0,1
TXN-10200,2025-01-09 18:00:00,CUST-3910,38,Male,Home & Kitchen,72.4,5,362.0,15,Credit Card,4.3,1
TXN-10201,2025-01-09 19:00:00,CUST-4273,52,Male,Beauty,17.32,4,69.28,20,Credit Card,3.5,1
TXN-10202,2025-01-09 20:00:00,CUST-2133,68,Female,Home & Kitchen,27.74,3,83.22,0,PayPal,4.3,1
TXN-10203,2025-01-09 21:00:00,CUST-8851,52,Female,Sports,115.02,5,575.1,0,COD,3.9,1
TXN-10204,2025-01-09 22:00:00,CUST-2392,33,Female,Fashion,103.51,1,103.51,10,UPI/NetBanking,4.8,1
TXN-10205,2025-01-09 23:00:00,CUST-2735,,Male,Fashion,77.17,5,385.85,10,Credit Card,4.1,1
TXN-10206,2025-01-10 00:00:00,CUST-9199,19,Female,Electronics,230.27,1,230.27,0,COD,3.9,0
TXN-10207,2025-01-10 01:00:00,CUST-8912,24,Male,Home & Kitchen,47.65,3,142.95,0,PayPal,,0
TXN-10208,2025-01-10 02:00:00,CUST-2791,28,Female,Home & Kitchen,76.68,5,383.4,0,UPI/NetBanking,4.9,0
TXN-10209,2025-01-10 03:00:00,CUST-7636,29,Female,Fashion,17.52,5,87.6,20,UPI/NetBanking,4.7,0
TXN-10210,2025-01-10 04:00:00,CUST-2025,69,Female,Electronics,48.53,4,194.12,0,PayPal,4.2,1
TXN-10211,2025-01-10 05:00:00,CUST-6134,57,Male,Electronics,51.88,4,207.52,10,Debit Card,3.9,0
TXN-10212,2025-01-10 06:00:00,CUST-3194,33,Male,Electronics,115.5,5,577.5,5,UPI/NetBanking,5.0,1
TXN-10213,2025-01-10 07:00:00,CUST-8973,62,Female,Sports,31.17,2,62.34,5,Credit Card,4.0,0
TXN-10214,2025-01-10 08:00:00,CUST-1157,30,Female,Sports,74.85,4,299.4,5,UPI/NetBanking,4.3,1
TXN-10215,2025-01-10 09:00:00,CUST-3740,19,Female,Electronics,17.83,2,35.66,10,Credit Card,4.1,1
TXN-10216,2025-01-10 10:00:00,CUST-2854,35,Female,Beauty,53.85,1,53.85,15,UPI/NetBanking,3.0,1
TXN-10217,2025-01-10 11:00:00,CUST-5055,20,Male,Fashion,159.23,4,636.92,20,Credit Card,4.5,1
TXN-10218,2025-01-10 12:00:00,CUST-8015,26,Female,Beauty,154.15,5,770.75,5,Credit Card,5.0,0
TXN-10219,2025-01-10 13:00:00,CUST-5794,35,Female,Fashion,210.85,1,210.85,0,PayPal,4.7,1
TXN-10220,2025-01-10 14:00:00,CUST-3174,63,Male,Electronics,172.68,4,690.72,5,UPI/NetBanking,4.4,1
TXN-10221,2025-01-10 15:00:00,CUST-8405,68,Female,Electronics,76.61,3,229.83,10,Debit Card,3.3,1
TXN-10222,2025-01-10 16:00:00,CUST-2526,47,Female,Home & Kitchen,176.32,5,881.6,5,COD,4.3,1
TXN-10223,2025-01-10 17:00:00,CUST-6289,39,Female,Electronics,177.64,3,532.92,20,PayPal,3.3,0
TXN-10224,2025-01-10 18:00:00,CUST-3588,18,Non-Binary,Fashion,478.06,2,956.12,20,Credit Card,3.3,1
TXN-10225,2025-01-10 19:00:00,CUST-2529,34,Male,Home & Kitchen,103.97,1,103.97,5,Credit Card,4.3,1
TXN-10226,2025-01-10 20:00:00,CUST-1017,22,Male,Electronics,111.85,1,111.85,0,Credit Card,5.0,1
TXN-10227,2025-01-10 21:00:00,CUST-3165,32,Male,Home & Kitchen,24.19,3,72.57,5,Credit Card,4.8,1
TXN-10228,2025-01-10 22:00:00,CUST-3340,54,Male,Home & Kitchen,64.3,2,128.6,10,Credit Card,2.9,1
TXN-10229,2025-01-10 23:00:00,CUST-4559,24,Male,Electronics,126.3,3,378.9,25,Credit Card,4.2,1
TXN-10230,2025-01-11 00:00:00,CUST-5668,62,Male,Beauty,192.32,2,384.64,10,UPI/NetBanking,4.5,0
TXN-10231,2025-01-11 01:00:00,CUST-1894,68,Female,Fashion,25.17,4,100.68,10,Credit Card,4.9,0
TXN-10232,2025-01-11 02:00:00,CUST-7337,54,Male,Fashion,31.12,4,124.48,25,PayPal,,0
TXN-10233,2025-01-11 03:00:00,CUST-5295,21,Female,Fashion,43.69,5,218.45,15,UPI/NetBanking,4.3,1
TXN-10234,2025-01-11 04:00:00,CUST-9808,35,Male,Electronics,230.68,2,461.36,10,UPI/NetBanking,4.7,0
TXN-10235,2025-01-11 05:00:00,CUST-8167,33,Male,Electronics,63.45,4,253.8,10,Credit Card,3.3,1
TXN-10236,2025-01-11 06:00:00,CUST-3877,63,Male,Electronics,73.31,3,219.93,10,PayPal,4.4,1
TXN-10237,2025-01-11 07:00:00,CUST-5403,25,Female,Electronics,154.88,3,464.64,10,Credit Card,4.5,1
TXN-10238,2025-01-11 08:00:00,CUST-9128,41,Male,Beauty,30.52,2,61.04,0,Credit Card,4.1,1
TXN-10239,2025-01-11 09:00:00,CUST-1721,18,Male,Fashion,56.04,2,112.08,0,COD,3.7,1
TXN-10240,2025-01-11 10:00:00,CUST-7870,33,Male,Home & Kitchen,41.9,1,41.9,10,Credit Card,4.7,1
TXN-10241,2025-01-11 11:00:00,CUST-1752,22,Female,Beauty,141.24,3,423.72,5,UPI/NetBanking,,0
TXN-10242,2025-01-11 12:00:00,CUST-5979,33,Male,Home & Kitchen,72.8,2,145.6,15,UPI/NetBanking,4.4,0
TXN-10243,2025-01-11 13:00:00,CUST-7718,52,Male,Beauty,193.26,3,579.78,0,PayPal,4.2,1
TXN-10244,2025-01-11 14:00:00,CUST-4902,21,Non-Binary,Electronics,42.9,1,42.9,20,Debit Card,3.9,1
TXN-10245,2025-01-11 15:00:00,CUST-7102,65,Male,Electronics,27.18,4,108.72,0,UPI/NetBanking,4.7,0
TXN-10246,2025-01-11 16:00:00,CUST-6161,43,Female,Home & Kitchen,47.54,3,142.62,0,COD,4.1,1
TXN-10247,2025-01-11 17:00:00,CUST-2785,28,Male,Fashion,25.94,3,77.82,25,Credit Card,4.2,0
TXN-10248,2025-01-11 18:00:00,CUST-5984,62,Female,Electronics,180.06,2,360.12,0,Credit Card,4.6,1
TXN-10249,2025-01-11 19:00:00,CUST-5896,29,Male,Fashion,66.16,5,330.8,0,UPI/NetBanking,4.3,1
TXN-10250,2025-01-11 20:00:00,CUST-4641,70,Male,Home & Kitchen,250.77,1,250.77,10,Credit Card,4.3,0
TXN-10251,2025-01-11 21:00:00,CUST-2056,59,Male,Electronics,215.15,3,645.45,0,COD,4.9,1
TXN-10252,2025-01-11 22:00:00,CUST-9128,61,Male,Fashion,218.09,3,654.27,0,Debit Card,3.9,1
TXN-10253,2025-01-11 23:00:00,CUST-5026,49,Male,Home & Kitchen,20.35,3,61.05,5,UPI/NetBanking,4.4,1
TXN-10254,2025-01-12 00:00:00,CUST-9907,42,Female,Fashion,81.84,4,327.36,5,UPI/NetBanking,3.7,0
TXN-10255,2025-01-12 01:00:00,CUST-1427,32,Male,Beauty,43.03,4,172.12,10,PayPal,4.5,1
TXN-10256,2025-01-12 02:00:00,CUST-5366,68,Female,Electronics,493.09,2,986.18,10,COD,4.1,1
TXN-10257,2025-01-12 03:00:00,CUST-3846,55,Male,Home & Kitchen,52.77,5,263.85,0,PayPal,3.4,0
TXN-10258,2025-01-12 04:00:00,CUST-9064,29,Female,Electronics,37.51,2,75.02,0,UPI/NetBanking,3.8,1
TXN-10259,2025-01-12 05:00:00,CUST-3137,29,Female,Beauty,48.23,1,48.23,0,PayPal,4.9,0
TXN-10260,2025-01-12 06:00:00,CUST-2188,60,Male,Electronics,45.53,2,91.06,25,PayPal,4.7,1
TXN-10261,2025-01-12 07:00:00,CUST-8982,29,Female,Home & Kitchen,202.31,5,1011.55,15,Credit Card,4.5,1
TXN-10262,2025-01-12 08:00:00,CUST-3086,18,Female,Sports,57.24,5,286.2,0,UPI/NetBanking,4.7,1
TXN-10263,2025-01-12 09:00:00,CUST-4619,24,Female,Electronics,131.27,2,262.54,5,Credit Card,5.0,1
TXN-10264,2025-01-12 10:00:00,CUST-6500,34,Male,Home & Kitchen,51.68,1,51.68,15,Credit Card,3.9,1
TXN-10265,2025-01-12 11:00:00,CUST-3725,49,Female,Fashion,55.0,4,220.0,15,UPI/NetBanking,4.3,1
TXN-10266,2025-01-12 12:00:00,CUST-1547,38,Male,Electronics,50.55,4,202.2,0,Credit Card,5.0,1
TXN-10267,2025-01-12 13:00:00,CUST-6536,57,Female,Home & Kitchen,62.98,2,125.96,10,UPI/NetBanking,3.3,1
TXN-10268,2025-01-12 14:00:00,CUST-9849,36,Male,Electronics,57.42,5,287.1,15,Credit Card,5.0,1
TXN-10269,2025-01-12 15:00:00,CUST-5825,58,Female,Electronics,17.22,2,34.44,10,COD,5.0,1
TXN-10270,2025-01-12 16:00:00,CUST-5341,52,Male,Fashion,55.83,2,111.66,5,Credit Card,5.0,0
TXN-10271,2025-01-12 17:00:00,CUST-5400,27,Female,Home & Kitchen,22.62,3,67.86,15,UPI/NetBanking,4.2,0
TXN-10272,2025-01-12 18:00:00,CUST-9561,52,Female,Sports,87.28,2,174.56,5,Credit Card,4.4,1
TXN-10273,2025-01-12 19:00:00,CUST-9226,51,Female,Home & Kitchen,97.31,1,97.31,20,UPI/NetBanking,4.4,0
TXN-10274,2025-01-12 20:00:00,CUST-1699,61,Male,Sports,98.88,5,494.4,0,COD,4.6,0
TXN-10275,2025-01-12 21:00:00,CUST-7358,53,Male,Electronics,67.09,1,67.09,15,UPI/NetBanking,3.6,0
TXN-10276,2025-01-12 22:00:00,CUST-2641,54,Female,Beauty,186.78,3,560.34,20,Credit Card,4.6,1
TXN-10277,2025-01-12 23:00:00,CUST-8750,35,Male,Home & Kitchen,112.07,4,448.28,0,Debit Card,4.3,1
TXN-10278,2025-01-13 00:00:00,CUST-7102,70,Female,Fashion,172.3,1,172.3,25,Credit Card,5.0,1
TXN-10279,2025-01-13 01:00:00,CUST-6257,44,Female,Electronics,64.55,4,258.2,15,PayPal,4.6,0
TXN-10280,2025-01-13 02:00:00,CUST-6097,43,Male,Beauty,194.75,1,194.75,0,Debit Card,3.4,0
TXN-10281,2025-01-13 03:00:00,CUST-1541,41,Female,Electronics,162.43,5,812.15,5,COD,4.2,1
TXN-10282,2025-01-13 04:00:00,CUST-8775,40,Male,Beauty,40.44,1,40.44,0,UPI/NetBanking,5.0,1
TXN-10283,2025-01-13 05:00:00,CUST-4511,59,Male,Electronics,104.62,5,523.1,0,PayPal,5.0,1
TXN-10284,2025-01-13 06:00:00,CUST-1138,56,Female,Fashion,305.02,3,915.06,5,UPI/NetBanking,4.3,0
TXN-10285,2025-01-13 07:00:00,CUST-8646,51,Female,Fashion,24.17,5,120.85,25,COD,3.3,0
TXN-10286,2025-01-13 08:00:00,CUST-2771,39,Non-Binary,Home & Kitchen,183.03,3,549.09,10,COD,3.8,0
TXN-10287,2025-01-13 09:00:00,CUST-9475,21,Female,Beauty,92.89,3,278.67,10,PayPal,4.7,1
TXN-10288,2025-01-13 10:00:00,CUST-7361,55,Female,Home & Kitchen,32.9,2,65.8,10,UPI/NetBanking,4.2,1
TXN-10289,2025-01-13 11:00:00,CUST-6873,28,Female,Beauty,31.99,1,31.99,5,PayPal,2.8,1
TXN-10290,2025-01-13 12:00:00,CUST-6499,32,Male,Home & Kitchen,46.18,3,138.54,5,UPI/NetBanking,3.6,0
TXN-10291,2025-01-13 13:00:00,CUST-1879,55,Female,Home & Kitchen,69.32,2,138.64,10,Debit Card,4.1,1
TXN-10292,2025-01-13 14:00:00,CUST-3250,39,Male,Home & Kitchen,216.54,4,866.16,0,Debit Card,4.4,0
TXN-10293,2025-01-13 15:00:00,CUST-6449,29,Male,Electronics,66.13,2,132.26,15,Credit Card,3.0,0
TXN-10294,2025-01-13 16:00:00,CUST-8105,43,Male,Fashion,15.4,5,77.0,0,UPI/NetBanking,,0
TXN-10295,2025-01-13 17:00:00,CUST-9700,61,Male,Home & Kitchen,36.8,3,110.4,5,Credit Card,4.3,0
TXN-10296,2025-01-13 18:00:00,CUST-2069,37,Female,Fashion,77.44,5,387.2,5,Debit Card,3.4,0
TXN-10297,2025-01-13 19:00:00,CUST-4087,69,Male,Electronics,125.41,2,250.82,0,Credit Card,5.0,0
TXN-10298,2025-01-13 20:00:00,CUST-1612,58,Male,Fashion,19.23,1,19.23,10,PayPal,,1
TXN-10299,2025-01-13 21:00:00,CUST-7828,25,Female,Fashion,29.13,1,29.13,5,PayPal,4.1,0
TXN-10300,2025-01-13 22:00:00,CUST-2718,57,Male,Electronics,24.55,2,49.1,10,PayPal,5.0,1
TXN-10301,2025-01-13 23:00:00,CUST-6864,36,Male,Fashion,220.01,4,880.04,5,Credit Card,5.0,1
TXN-10302,2025-01-14 00:00:00,CUST-3443,67,Female,Home & Kitchen,24.08,3,72.24,10,UPI/NetBanking,3.5,0
TXN-10303,2025-01-14 01:00:00,CUST-1820,29,Female,Beauty,52.96,3,158.88,5,Credit Card,4.3,0
TXN-10304,2025-01-14 02:00:00,CUST-3793,46,Female,Electronics,127.26,3,381.78,15,Credit Card,4.1,1
TXN-10305,2025-01-14 03:00:00,CUST-5453,62,Female,Beauty,103.96,2,207.92,0,PayPal,4.6,1
TXN-10306,2025-01-14 04:00:00,CUST-8908,61,Male,Home & Kitchen,143.38,5,716.9,0,PayPal,4.1,1
TXN-10307,2025-01-14 05:00:00,CUST-3140,49,Male,Fashion,19.0,3,57.0,10,Credit Card,3.1,1
TXN-10308,2025-01-14 06:00:00,CUST-4669,60,Female,Fashion,114.07,5,570.35,0,PayPal,4.0,0
TXN-10309,2025-01-14 07:00:00,CUST-7305,70,Female,Sports,19.77,2,39.54,10,UPI/NetBanking,4.8,0
TXN-10310,2025-01-14 08:00:00,CUST-6421,21,Female,Home & Kitchen,55.45,2,110.9,0,UPI/NetBanking,5.0,0
TXN-10311,2025-01-14 09:00:00,CUST-9166,25,Non-Binary,Home & Kitchen,16.52,4,66.08,5,UPI/NetBanking,,0
TXN-10312,2025-01-14 10:00:00,CUST-5990,53,Male,Home & Kitchen,270.24,3,810.72,15,Debit Card,3.6,1
TXN-10313,2025-01-14 11:00:00,CUST-6952,25,Male,Home & Kitchen,15.19,3,45.57,15,COD,5.0,1
TXN-10314,2025-01-14 12:00:00,CUST-2741,28,Female,Beauty,130.33,4,521.32,0,UPI/NetBanking,4.8,1
TXN-10315,2025-01-14 13:00:00,CUST-4122,24,Female,Electronics,100.26,5,501.3,0,Debit Card,3.9,1
TXN-10316,2025-01-14 14:00:00,CUST-9260,49,Male,Home & Kitchen,83.48,4,333.92,15,UPI/NetBanking,4.6,1
TXN-10317,2025-01-14 15:00:00,CUST-3103,60,Female,Beauty,74.62,4,298.48,5,UPI/NetBanking,4.0,0
TXN-10318,2025-01-14 16:00:00,CUST-7518,36,Male,Electronics,60.25,5,301.25,0,PayPal,3.8,1
TXN-10319,2025-01-14 17:00:00,CUST-4291,63,Male,Fashion,109.85,2,219.7,10,PayPal,2.6,0
TXN-10320,2025-01-14 18:00:00,CUST-6771,55,Female,Home & Kitchen,60.93,5,304.65,0,Debit Card,4.0,0
TXN-10321,2025-01-14 19:00:00,CUST-1927,66,Female,Sports,112.76,2,225.52,15,PayPal,4.2,1
TXN-10322,2025-01-14 20:00:00,CUST-1529,46,Male,Beauty,129.34,2,258.68,15,UPI/NetBanking,4.5,0
TXN-10323,2025-01-14 21:00:00,CUST-1769,42,Male,Beauty,113.23,5,566.15,0,PayPal,3.0,1
TXN-10324,2025-01-14 22:00:00,CUST-8259,58,Female,Home & Kitchen,134.59,5,672.95,15,Credit Card,4.5,1
TXN-10325,2025-01-14 23:00:00,CUST-2220,29,Female,Electronics,18.53,3,55.59,10,Credit Card,4.9,0
TXN-10326,2025-01-15 00:00:00,CUST-6415,27,Male,Sports,92.22,5,461.1,15,Credit Card,3.9,1
TXN-10327,2025-01-15 01:00:00,CUST-9608,29,Female,Beauty,29.76,5,148.8,10,Credit Card,4.1,0
TXN-10328,2025-01-15 02:00:00,CUST-6437,36,Male,Beauty,79.27,5,396.35,15,COD,,1
TXN-10329,2025-01-15 03:00:00,CUST-8301,59,Female,Home & Kitchen,286.29,3,858.87,5,PayPal,4.2,0
TXN-10330,2025-01-15 04:00:00,CUST-9468,41,Female,Fashion,71.7,3,215.1,20,Credit Card,5.0,1
TXN-10331,2025-01-15 05:00:00,CUST-3742,67,Female,Electronics,20.76,2,41.52,20,UPI/NetBanking,3.1,1
TXN-10332,2025-01-15 06:00:00,CUST-8130,22,Female,Electronics,67.25,3,201.75,0,Credit Card,3.9,0
TXN-10333,2025-01-15 07:00:00,CUST-2154,32,Female,Fashion,65.99,4,263.96,5,Credit Card,3.2,1
TXN-10334,2025-01-15 08:00:00,CUST-1745,22,Male,Fashion,44.09,3,132.27,10,Credit Card,4.0,0
TXN-10335,2025-01-15 09:00:00,CUST-1504,52,Male,Home & Kitchen,150.44,5,752.2,0,UPI/NetBanking,5.0,1
TXN-10336,2025-01-15 10:00:00,CUST-7113,18,Female,Home & Kitchen,26.18,1,26.18,10,UPI/NetBanking,3.0,0
TXN-10337,2025-01-15 11:00:00,CUST-4441,64,Male,Fashion,103.25,5,516.25,0,Credit Card,4.2,1
TXN-10338,2025-01-15 12:00:00,CUST-1891,53,Male,Fashion,44.19,1,44.19,0,Credit Card,4.5,1
TXN-10339,2025-01-15 13:00:00,CUST-6851,59,Male,Electronics,21.15,2,42.3,5,UPI/NetBanking,3.9,1
TXN-10340,2025-01-15 14:00:00,CUST-6971,45,Male,Fashion,145.92,4,583.68,0,UPI/NetBanking,5.0,0
TXN-10341,2025-01-15 15:00:00,CUST-8863,40,Female,Fashion,24.79,5,123.95,0,Credit Card,4.6,1
TXN-10342,2025-01-15 16:00:00,CUST-2252,19,Female,Home & Kitchen,157.35,5,786.75,5,UPI/NetBanking,3.9,1
TXN-10343,2025-01-15 17:00:00,CUST-9904,52,Male,Beauty,53.71,2,107.42,20,UPI/NetBanking,4.8,0
TXN-10344,2025-01-15 18:00:00,CUST-6961,60,Male,Sports,355.79,2,711.58,15,Credit Card,4.8,1
TXN-10345,2025-01-15 19:00:00,CUST-3395,48,Female,Electronics,136.83,2,273.66,0,UPI/NetBanking,4.6,0
TXN-10346,2025-01-15 20:00:00,CUST-8695,20,Male,Home & Kitchen,24.26,5,121.3,10,Credit Card,5.0,1
TXN-10347,2025-01-15 21:00:00,CUST-3848,42,Male,Home & Kitchen,168.4,5,842.0,0,COD,3.1,0
TXN-10348,2025-01-15 22:00:00,CUST-8898,18,Female,Electronics,30.39,1,30.39,10,Credit Card,4.9,0
TXN-10349,2025-01-15 23:00:00,CUST-2938,44,Female,Home & Kitchen,70.83,4,283.32,5,UPI/NetBanking,3.8,0
TXN-10350,2025-01-16 00:00:00,CUST-3639,50,Male,Home & Kitchen,19.89,3,59.67,20,UPI/NetBanking,4.5,1
TXN-10351,2025-01-16 01:00:00,CUST-1305,64,Female,Electronics,22.62,4,90.48,10,UPI/NetBanking,4.3,0
TXN-10352,2025-01-16 02:00:00,CUST-3979,50,Male,Home & Kitchen,50.66,4,202.64,10,Credit Card,4.9,0
TXN-10353,2025-01-16 03:00:00,CUST-1271,50,Female,Beauty,94.06,2,188.12,5,UPI/NetBanking,4.4,0
TXN-10354,2025-01-16 04:00:00,CUST-8901,56,Female,Electronics,250.99,4,1003.96,10,UPI/NetBanking,3.4,1
TXN-10355,2025-01-16 05:00:00,CUST-4759,48,Female,Fashion,90.59,5,452.95,0,Credit Card,4.4,0
TXN-10356,2025-01-16 06:00:00,CUST-9908,30,Male,Home & Kitchen,15.61,5,78.05,0,Credit Card,5.0,1
TXN-10357,2025-01-16 07:00:00,CUST-6175,24,Male,Home & Kitchen,39.87,5,199.35,5,UPI/NetBanking,3.7,1
TXN-10358,2025-01-16 08:00:00,CUST-8904,53,Female,Electronics,46.13,3,138.39,15,UPI/NetBanking,3.1,1
TXN-10359,2025-01-16 09:00:00,CUST-2951,46,Female,Sports,23.98,5,119.9,5,Credit Card,3.8,0
TXN-10360,2025-01-16 10:00:00,CUST-1086,70,Male,Sports,63.59,1,63.59,0,UPI/NetBanking,3.2,1
TXN-10361,2025-01-16 11:00:00,CUST-7564,51,Male,Sports,20.03,2,40.06,10,UPI/NetBanking,3.5,0
TXN-10362,2025-01-16 12:00:00,CUST-1550,50,Female,Electronics,30.79,1,30.79,5,PayPal,3.1,0
TXN-10363,2025-01-16 13:00:00,CUST-5520,40,Female,Fashion,34.0,1,34.0,15,Credit Card,3.9,1
TXN-10364,2025-01-16 14:00:00,CUST-6703,70,Male,Home & Kitchen,33.39,4,133.56,10,Credit Card,5.0,0
TXN-10365,2025-01-16 15:00:00,CUST-2185,39,Female,Beauty,281.88,5,1409.4,15,UPI/NetBanking,5.0,1
TXN-10366,2025-01-16 16:00:00,CUST-6565,47,Female,Beauty,183.36,4,733.44,0,Credit Card,4.0,1
TXN-10367,2025-01-16 17:00:00,CUST-4767,44,Female,Fashion,15.83,3,47.49,0,Credit Card,4.3,1
TXN-10368,2025-01-16 18:00:00,CUST-8807,31,Female,Electronics,264.87,2,529.74,5,Credit Card,3.9,1
TXN-10369,2025-01-16 19:00:00,CUST-4387,33,Female,Fashion,143.29,1,143.29,20,PayPal,3.3,1
TXN-10370,2025-01-16 20:00:00,CUST-1692,41,Female,Fashion,374.05,5,1870.25,20,UPI/NetBanking,3.4,1
TXN-10371,2025-01-16 21:00:00,CUST-5591,66,Female,Electronics,151.49,4,605.96,20,Credit Card,5.0,1
TXN-10372,2025-01-16 22:00:00,CUST-2972,47,Male,Electronics,110.3,4,441.2,10,Credit Card,3.3,0
TXN-10373,2025-01-16 23:00:00,CUST-9987,35,Male,Home & Kitchen,53.72,4,214.88,5,UPI/NetBanking,3.7,1
TXN-10374,2025-01-17 00:00:00,CUST-3148,61,Male,Electronics,41.74,2,83.48,10,Debit Card,4.7,1
TXN-10375,2025-01-17 01:00:00,CUST-3450,18,Male,Fashion,475.49,5,2377.45,10,Credit Card,4.2,0
TXN-10376,2025-01-17 02:00:00,CUST-2621,21,Male,Electronics,170.22,1,170.22,5,Credit Card,5.0,1
TXN-10377,2025-01-17 03:00:00,CUST-5222,44,Male,Beauty,295.5,2,591.0,10,UPI/NetBanking,4.8,0
TXN-10378,2025-01-17 04:00:00,CUST-9363,65,Male,Electronics,95.84,4,383.36,10,Credit Card,4.1,1
TXN-10379,2025-01-17 05:00:00,CUST-6527,57,Female,Beauty,21.29,2,42.58,5,Credit Card,4.0,0
TXN-10380,2025-01-17 06:00:00,CUST-8289,41,Female,Fashion,65.86,2,131.72,0,Credit Card,3.3,1
TXN-10381,2025-01-17 07:00:00,CUST-2311,43,Male,Electronics,194.3,5,971.5,0,PayPal,4.5,1
TXN-10382,2025-01-17 08:00:00,CUST-2381,42,Male,Electronics,43.42,2,86.84,0,Debit Card,,1
TXN-10383,2025-01-17 09:00:00,CUST-6328,47,Non-Binary,Fashion,42.03,4,168.12,0,COD,4.2,1
TXN-10384,2025-01-17 10:00:00,CUST-8480,58,Female,Fashion,101.79,5,508.95,5,Credit Card,4.5,0
TXN-10385,2025-01-17 11:00:00,CUST-5256,18,Male,Beauty,175.1,3,525.3,0,UPI/NetBanking,3.5,1
TXN-10386,2025-01-17 12:00:00,CUST-8816,67,Male,Electronics,37.35,1,37.35,10,Credit Card,3.7,1
TXN-10387,2025-01-17 13:00:00,CUST-7385,32,Male,Fashion,38.28,5,191.4,15,PayPal,4.4,1
TXN-10388,2025-01-17 14:00:00,CUST-5404,22,Male,Electronics,101.11,5,505.55,5,PayPal,4.0,1
TXN-10389,2025-01-17 15:00:00,CUST-1362,24,Male,Electronics,64.04,1,64.04,0,Credit Card,4.6,0
TXN-10390,2025-01-17 16:00:00,CUST-6104,49,Non-Binary,Fashion,148.23,3,444.69,0,PayPal,4.1,1
TXN-10391,2025-01-17 17:00:00,CUST-3975,34,Female,Beauty,26.06,2,52.12,5,COD,4.9,1
TXN-10392,2025-01-17 18:00:00,CUST-4263,67,Male,Home & Kitchen,34.87,4,139.48,10,Credit Card,4.1,1
TXN-10393,2025-01-17 19:00:00,CUST-9534,48,Female,Electronics,200.72,2,401.44,25,Credit Card,4.1,0
TXN-10394,2025-01-17 20:00:00,CUST-5523,43,Female,Electronics,18.65,4,74.6,10,Credit Card,4.2,1
TXN-10395,2025-01-17 21:00:00,CUST-6544,66,Female,Electronics,102.93,5,514.65,15,Credit Card,5.0,1
TXN-10396,2025-01-17 22:00:00,CUST-6690,46,Female,Electronics,55.33,2,110.66,0,Credit Card,3.4,1
TXN-10397,2025-01-17 23:00:00,CUST-4057,38,Female,Electronics,166.29,5,831.45,0,UPI/NetBanking,3.9,1
TXN-10398,2025-01-18 00:00:00,CUST-9873,18,Female,Fashion,127.45,1,127.45,10,UPI/NetBanking,4.1,1
TXN-10399,2025-01-18 01:00:00,CUST-7348,61,Female,Home & Kitchen,95.7,3,287.1,5,Credit Card,4.4,1
TXN-10400,2025-01-18 02:00:00,CUST-1717,26,Male,Electronics,24.62,2,49.24,0,UPI/NetBanking,3.7,1
TXN-10401,2025-01-18 03:00:00,CUST-5193,32,Female,Electronics,241.29,2,482.58,10,COD,3.5,1
TXN-10402,2025-01-18 04:00:00,CUST-1994,65,Female,Fashion,54.15,1,54.15,15,Credit Card,4.7,1
TXN-10403,2025-01-18 05:00:00,CUST-9511,64,Male,Fashion,33.24,2,66.48,10,COD,4.5,1
TXN-10404,2025-01-18 06:00:00,CUST-2728,54,Male,Fashion,108.02,1,108.02,0,Credit Card,4.0,1
TXN-10405,2025-01-18 07:00:00,CUST-8258,38,Female,Sports,173.39,4,693.56,15,UPI/NetBanking,4.6,1
TXN-10406,2025-01-18 08:00:00,CUST-9939,67,Female,Home & Kitchen,52.94,4,211.76,5,UPI/NetBanking,5.0,1
TXN-10407,2025-01-18 09:00:00,CUST-5945,,Non-Binary,Electronics,47.15,3,141.45,20,UPI/NetBanking,4.1,1
TXN-10408,2025-01-18 10:00:00,CUST-2544,40,Male,Electronics,202.33,2,404.66,0,Debit Card,2.9,1
TXN-10409,2025-01-18 11:00:00,CUST-6319,29,Female,Beauty,118.15,1,118.15,10,Credit Card,5.0,1
TXN-10410,2025-01-18 12:00:00,CUST-2285,67,Male,Beauty,63.42,1,63.42,20,Credit Card,4.1,1
TXN-10411,2025-01-18 13:00:00,CUST-7266,51,Male,Fashion,28.77,5,143.85,10,Credit Card,4.1,1
TXN-10412,2025-01-18 14:00:00,CUST-8300,54,Female,Electronics,44.09,4,176.36,0,Credit Card,4.2,0
TXN-10413,2025-01-18 15:00:00,CUST-7529,67,Female,Beauty,70.73,2,141.46,5,PayPal,3.3,1
TXN-10414,2025-01-18 16:00:00,CUST-9589,22,Male,Fashion,113.12,5,565.6,0,PayPal,3.8,1
TXN-10415,2025-01-18 17:00:00,CUST-1396,28,Non-Binary,Home & Kitchen,407.8,4,1631.2,10,UPI/NetBanking,4.7,0
TXN-10416,2025-01-18 18:00:00,CUST-7124,64,Female,Electronics,19.77,5,98.85,20,Debit Card,5.0,0
TXN-10417,2025-01-18 19:00:00,CUST-8373,39,Male,Fashion,34.37,5,171.85,15,UPI/NetBanking,4.3,1
TXN-10418,2025-01-18 20:00:00,CUST-1301,60,Female,Electronics,20.27,2,40.54,15,UPI/NetBanking,4.1,0
TXN-10419,2025-01-18 21:00:00,CUST-5445,60,Male,Electronics,44.41,4,177.64,0,UPI/NetBanking,4.1,0
TXN-10420,2025-01-18 22:00:00,CUST-6168,56,Female,Electronics,74.03,4,296.12,10,PayPal,4.7,1
TXN-10421,2025-01-18 23:00:00,CUST-3572,,Female,Fashion,45.6,5,228.0,0,Credit Card,3.9,0
TXN-10422,2025-01-19 00:00:00,CUST-1482,35,Male,Fashion,57.41,2,114.82,0,UPI/NetBanking,3.5,0
TXN-10423,2025-01-19 01:00:00,CUST-4938,45,Non-Binary,Sports,48.95,5,244.75,0,PayPal,3.6,1
TXN-10424,2025-01-19 02:00:00,CUST-4314,37,Female,Beauty,219.26,4,877.04,25,COD,5.0,0
TXN-10425,2025-01-19 03:00:00,CUST-9732,25,Male,Beauty,28.37,1,28.37,15,Debit Card,3.6,1
TXN-10426,2025-01-19 04:00:00,CUST-8258,70,Female,Sports,42.19,2,84.38,0,Credit Card,3.8,1
TXN-10427,2025-01-19 05:00:00,CUST-4783,32,Female,Fashion,114.04,4,456.16,0,Debit Card,3.8,1
TXN-10428,2025-01-19 06:00:00,CUST-4014,49,Male,Electronics,36.81,4,147.24,15,Credit Card,3.2,1
TXN-10429,2025-01-19 07:00:00,CUST-4351,46,Female,Fashion,48.4,4,193.6,20,UPI/NetBanking,4.8,1
TXN-10430,2025-01-19 08:00:00,CUST-7232,43,Female,Home & Kitchen,91.58,5,457.9,10,PayPal,4.8,1
TXN-10431,2025-01-19 09:00:00,CUST-5025,43,Non-Binary,Electronics,56.65,1,56.65,0,UPI/NetBanking,4.7,1
TXN-10432,2025-01-19 10:00:00,CUST-5684,45,Male,Sports,114.54,2,229.08,5,UPI/NetBanking,3.8,1
TXN-10433,2025-01-19 11:00:00,CUST-9952,44,Male,Electronics,66.39,2,132.78,20,Credit Card,4.2,1
TXN-10434,2025-01-19 12:00:00,CUST-3686,25,Male,Home & Kitchen,100.45,1,100.45,10,UPI/NetBanking,2.5,0
TXN-10435,2025-01-19 13:00:00,CUST-7235,28,Female,Home & Kitchen,106.58,2,213.16,0,Credit Card,4.1,0
TXN-10436,2025-01-19 14:00:00,CUST-6047,67,Non-Binary,Electronics,31.94,2,63.88,25,Credit Card,5.0,1
TXN-10437,2025-01-19 15:00:00,CUST-1094,49,Male,Home & Kitchen,69.89,4,279.56,5,UPI/NetBanking,,1
TXN-10438,2025-01-19 16:00:00,CUST-5556,53,Female,Electronics,32.37,1,32.37,10,Credit Card,4.3,1
TXN-10439,2025-01-19 17:00:00,CUST-5889,23,Male,Fashion,31.69,3,95.07,10,PayPal,4.3,1
TXN-10440,2025-01-19 18:00:00,CUST-6901,23,Female,Fashion,208.65,1,208.65,15,Debit Card,3.8,1
TXN-10441,2025-01-19 19:00:00,CUST-2999,35,Male,Fashion,35.02,2,70.04,10,Credit Card,2.8,1
TXN-10442,2025-01-19 20:00:00,CUST-5705,38,Male,Home & Kitchen,97.97,2,195.94,10,UPI/NetBanking,2.7,1
TXN-10443,2025-01-19 21:00:00,CUST-3947,32,Female,Sports,15.13,1,15.13,5,PayPal,4.5,1
TXN-10444,2025-01-19 22:00:00,CUST-1745,53,Female,Electronics,101.99,3,305.97,0,Credit Card,5.0,1
TXN-10445,2025-01-19 23:00:00,CUST-1100,39,Male,Home & Kitchen,96.35,1,96.35,15,Credit Card,4.9,1
TXN-10446,2025-01-20 00:00:00,CUST-1582,48,Male,Fashion,185.35,3,556.05,5,Debit Card,3.8,0
TXN-10447,2025-01-20 01:00:00,CUST-9537,64,Female,Home & Kitchen,16.61,5,83.05,10,PayPal,3.1,0
TXN-10448,2025-01-20 02:00:00,CUST-1510,42,Female,Beauty,86.93,4,347.72,0,Credit Card,5.0,0
TXN-10449,2025-01-20 03:00:00,CUST-6152,35,Male,Fashion,38.06,4,152.24,15,Credit Card,4.5,0
TXN-10450,2025-01-20 04:00:00,CUST-4311,46,Female,Beauty,215.04,2,430.08,0,COD,4.8,1
TXN-10451,2025-01-20 05:00:00,CUST-6363,24,Female,Sports,110.98,2,221.96,0,Credit Card,4.4,0
TXN-10452,2025-01-20 06:00:00,CUST-1721,56,Female,Fashion,201.99,1,201.99,10,PayPal,3.9,1
TXN-10453,2025-01-20 07:00:00,CUST-6114,31,Male,Electronics,42.53,3,127.59,15,PayPal,4.4,1
TXN-10454,2025-01-20 08:00:00,CUST-9422,52,Male,Fashion,27.97,3,83.91,10,Credit Card,4.5,1
TXN-10455,2025-01-20 09:00:00,CUST-9856,26,Male,Sports,19.4,4,77.6,0,UPI/NetBanking,3.4,1
TXN-10456,2025-01-20 10:00:00,CUST-8304,37,Male,Electronics,135.74,5,678.7,0,COD,3.7,1
TXN-10457,2025-01-20 11:00:00,CUST-2522,62,Male,Fashion,113.05,4,452.2,5,COD,4.6,0
TXN-10458,2025-01-20 12:00:00,CUST-4004,60,Male,Beauty,48.38,4,193.52,0,UPI/NetBanking,3.9,1
TXN-10459,2025-01-20 13:00:00,CUST-3798,40,Female,Electronics,24.23,1,24.23,5,UPI/NetBanking,3.5,1
TXN-10460,2025-01-20 14:00:00,CUST-4992,48,Male,Fashion,157.93,5,789.65,5,COD,4.1,0
TXN-10461,2025-01-20 15:00:00,CUST-4869,60,Male,Sports,87.57,4,350.28,0,UPI/NetBanking,4.8,0
TXN-10462,2025-01-20 16:00:00,CUST-7648,24,Female,Home & Kitchen,160.69,3,482.07,5,PayPal,4.6,1
TXN-10463,2025-01-20 17:00:00,CUST-1003,60,Male,Fashion,57.01,5,285.05,5,Credit Card,3.8,1
TXN-10464,2025-01-20 18:00:00,CUST-8122,40,Non-Binary,Home & Kitchen,95.36,5,476.8,5,Credit Card,5.0,0
TXN-10465,2025-01-20 19:00:00,CUST-9992,18,Female,Beauty,52.83,3,158.49,20,Credit Card,3.7,0
TXN-10466,2025-01-20 20:00:00,CUST-7251,31,Female,Fashion,32.73,4,130.92,15,UPI/NetBanking,4.6,0
TXN-10467,2025-01-20 21:00:00,CUST-3056,22,Female,Electronics,198.76,4,795.04,25,Credit Card,4.7,1
TXN-10468,2025-01-20 22:00:00,CUST-7974,47,Female,Home & Kitchen,65.82,3,197.46,0,UPI/NetBanking,,1
TXN-10469,2025-01-20 23:00:00,CUST-4878,35,Male,Fashion,53.87,1,53.87,10,PayPal,2.9,1
TXN-10470,2025-01-21 00:00:00,CUST-2311,64,Female,Beauty,133.03,3,399.09,5,Credit Card,4.9,1
TXN-10471,2025-01-21 01:00:00,CUST-2279,52,Female,Fashion,19.61,3,58.83,10,Credit Card,4.6,1
TXN-10472,2025-01-21 02:00:00,CUST-6431,69,Male,Electronics,115.95,5,579.75,15,PayPal,4.9,0
TXN-10473,2025-01-21 03:00:00,CUST-1845,36,Female,Home & Kitchen,43.73,1,43.73,0,Credit Card,4.5,0
TXN-10474,2025-01-21 04:00:00,CUST-5603,34,Male,Electronics,31.31,5,156.55,15,PayPal,4.8,0
TXN-10475,2025-01-21 05:00:00,CUST-3962,20,Male,Electronics,28.32,2,56.64,15,PayPal,5.0,0
TXN-10476,2025-01-21 06:00:00,CUST-8211,28,Male,Home & Kitchen,50.98,3,152.94,15,Credit Card,3.7,1
TXN-10477,2025-01-21 07:00:00,CUST-9724,61,Female,Fashion,28.33,4,113.32,0,COD,4.6,1
TXN-10478,2025-01-21 08:00:00,CUST-9687,20,Male,Fashion,52.12,4,208.48,10,PayPal,4.0,0
TXN-10479,2025-01-21 09:00:00,CUST-7408,61,Female,Home & Kitchen,90.52,2,181.04,10,PayPal,5.0,0
TXN-10480,2025-01-21 10:00:00,CUST-1173,22,Male,Electronics,24.33,4,97.32,5,PayPal,5.0,0
TXN-10481,2025-01-21 11:00:00,CUST-4552,58,Male,Sports,22.68,5,113.4,0,PayPal,4.4,1
TXN-10482,2025-01-21 12:00:00,CUST-4027,62,Male,Electronics,106.82,1,106.82,10,COD,2.8,1
TXN-10483,2025-01-21 13:00:00,CUST-6298,67,Male,Beauty,56.02,3,168.06,25,Credit Card,4.9,0
TXN-10484,2025-01-21 14:00:00,CUST-2137,30,Female,Electronics,72.58,2,145.16,10,UPI/NetBanking,4.8,0
TXN-10485,2025-01-21 15:00:00,CUST-1571,54,Female,Beauty,16.61,4,66.44,0,UPI/NetBanking,4.7,1
TXN-10486,2025-01-21 16:00:00,CUST-5365,39,Female,Home & Kitchen,76.57,4,306.28,5,UPI/NetBanking,4.3,0
TXN-10487,2025-01-21 17:00:00,CUST-7298,70,Female,Electronics,80.14,3,240.42,5,Credit Card,4.0,1
TXN-10488,2025-01-21 18:00:00,CUST-2485,39,Male,Fashion,138.64,2,277.28,0,Credit Card,4.6,1
TXN-10489,2025-01-21 19:00:00,CUST-6886,58,Male,Electronics,18.09,1,18.09,15,UPI/NetBanking,5.0,0
TXN-10490,2025-01-21 20:00:00,CUST-9856,49,Female,Beauty,65.71,1,65.71,0,Credit Card,4.5,1
TXN-10491,2025-01-21 21:00:00,CUST-9570,61,Female,Fashion,129.85,2,259.7,20,Credit Card,4.3,1
TXN-10492,2025-01-21 22:00:00,CUST-8720,57,Male,Home & Kitchen,26.89,2,53.78,10,COD,5.0,1
TXN-10493,2025-01-21 23:00:00,CUST-2047,24,Male,Home & Kitchen,96.27,1,96.27,15,UPI/NetBanking,4.8,1
TXN-10494,2025-01-22 00:00:00,CUST-7586,61,Female,Electronics,168.89,2,337.78,15,UPI/NetBanking,4.5,1
TXN-10495,2025-01-22 01:00:00,CUST-7060,46,Male,Home & Kitchen,27.17,5,135.85,5,Credit Card,4.5,0
TXN-10496,2025-01-22 02:00:00,CUST-1118,23,Female,Home & Kitchen,43.36,4,173.44,10,Credit Card,3.5,1
TXN-10497,2025-01-22 03:00:00,CUST-1616,63,Female,Sports,98.87,3,296.61,5,Credit Card,4.1,0
TXN-10498,2025-01-22 04:00:00,CUST-9686,57,Male,Beauty,80.95,2,161.9,5,UPI/NetBanking,4.5,0
TXN-10499,2025-01-22 05:00:00,CUST-8772,28,Female,Electronics,103.0,3,309.0,0,Credit Card,4.3,1
TXN-10500,2025-01-22 06:00:00,CUST-8424,65,Male,Fashion,29.62,1,29.62,5,Credit Card,4.0,0
TXN-10501,2025-01-22 07:00:00,CUST-4256,38,Male,Electronics,36.97,2,73.94,15,Debit Card,3.3,0
TXN-10502,2025-01-22 08:00:00,CUST-8716,21,Female,Electronics,238.51,4,954.04,0,UPI/NetBanking,4.4,0
TXN-10503,2025-01-22 09:00:00,CUST-6503,62,Female,Electronics,25.01,4,100.04,5,Credit Card,4.8,1
TXN-10504,2025-01-22 10:00:00,CUST-3568,58,Female,Sports,88.36,5,441.8,20,Credit Card,1.9,1
TXN-10505,2025-01-22 11:00:00,CUST-8581,64,Male,Beauty,39.21,4,156.84,10,Debit Card,4.4,0
TXN-10506,2025-01-22 12:00:00,CUST-1083,20,Male,Fashion,139.41,1,139.41,5,UPI/NetBanking,4.1,1
TXN-10507,2025-01-22 13:00:00,CUST-2361,18,Female,Fashion,35.9,3,107.7,0,UPI/NetBanking,3.9,1
TXN-10508,2025-01-22 14:00:00,CUST-5994,47,Female,Home & Kitchen,17.1,4,68.4,5,Credit Card,4.8,1
TXN-10509,2025-01-22 15:00:00,CUST-1022,22,Male,Home & Kitchen,79.34,3,238.02,5,Credit Card,5.0,1
TXN-10510,2025-01-22 16:00:00,CUST-4393,23,Female,Fashion,243.81,5,1219.05,20,PayPal,4.7,1
TXN-10511,2025-01-22 17:00:00,CUST-6989,59,Female,Electronics,120.03,2,240.06,0,Credit Card,4.6,1
TXN-10512,2025-01-22 18:00:00,CUST-4437,66,Male,Fashion,41.44,4,165.76,0,Credit Card,3.3,0
TXN-10513,2025-01-22 19:00:00,CUST-9714,52,Female,Fashion,54.02,1,54.02,0,Debit Card,4.3,0
TXN-10514,2025-01-22 20:00:00,CUST-3929,22,Male,Electronics,116.51,4,466.04,0,Credit Card,4.9,1
TXN-10515,2025-01-22 21:00:00,CUST-3163,44,Male,Home & Kitchen,44.29,1,44.29,0,Debit Card,4.3,1
TXN-10516,2025-01-22 22:00:00,CUST-6503,39,Female,Beauty,71.59,5,357.95,15,UPI/NetBanking,5.0,0
TXN-10517,2025-01-22 23:00:00,CUST-5259,41,Non-Binary,Beauty,19.12,3,57.36,0,COD,5.0,0
TXN-10518,2025-01-23 00:00:00,CUST-9770,29,Female,Home & Kitchen,108.3,2,216.6,0,Credit Card,3.5,0
TXN-10519,2025-01-23 01:00:00,CUST-4361,20,Female,Sports,28.61,4,114.44,10,Credit Card,3.9,1
TXN-10520,2025-01-23 02:00:00,CUST-7628,67,Male,Fashion,47.81,1,47.81,25,UPI/NetBanking,3.8,1
TXN-10521,2025-01-23 03:00:00,CUST-3409,64,Female,Fashion,114.32,4,457.28,20,Credit Card,3.7,0
TXN-10522,2025-01-23 04:00:00,CUST-7580,32,Male,Electronics,19.81,2,39.62,10,Credit Card,4.2,1
TXN-10523,2025-01-23 05:00:00,CUST-8298,23,Non-Binary,Fashion,72.31,5,361.55,10,COD,4.3,0
TXN-10524,2025-01-23 06:00:00,CUST-3423,45,Male,Fashion,43.47,3,130.41,5,UPI/NetBanking,4.5,1
TXN-10525,2025-01-23 07:00:00,CUST-7809,36,Male,Home & Kitchen,208.81,4,835.24,0,UPI/NetBanking,5.0,0
TXN-10526,2025-01-23 08:00:00,CUST-8776,51,Non-Binary,Electronics,288.81,4,1155.24,0,UPI/NetBanking,3.4,1
TXN-10527,2025-01-23 09:00:00,CUST-3243,42,Male,Fashion,162.09,3,486.27,15,Credit Card,4.7,1
TXN-10528,2025-01-23 10:00:00,CUST-1439,27,Male,Sports,167.76,4,671.04,0,PayPal,4.9,1
TXN-10529,2025-01-23 11:00:00,CUST-1466,35,Female,Sports,92.65,3,277.95,10,UPI/NetBanking,5.0,1
TXN-10530,2025-01-23 12:00:00,CUST-8799,70,Male,Fashion,87.78,3,263.34,0,Credit Card,4.5,0
TXN-10531,2025-01-23 13:00:00,CUST-5467,58,Female,Fashion,44.09,5,220.45,10,Credit Card,3.9,1
TXN-10532,2025-01-23 14:00:00,CUST-2548,28,Female,Beauty,164.04,3,492.12,0,PayPal,3.6,0
TXN-10533,2025-01-23 15:00:00,CUST-3243,41,Female,Fashion,230.66,2,461.32,0,Credit Card,4.1,0
TXN-10534,2025-01-23 16:00:00,CUST-9612,63,Female,Beauty,25.29,4,101.16,20,Credit Card,4.8,1
TXN-10535,2025-01-23 17:00:00,CUST-3277,56,Female,Sports,31.06,3,93.18,0,Debit Card,4.3,1
TXN-10536,2025-01-23 18:00:00,CUST-3332,37,Male,Electronics,21.96,1,21.96,0,PayPal,4.5,1
TXN-10537,2025-01-23 19:00:00,CUST-9412,48,Male,Electronics,20.83,1,20.83,15,PayPal,4.3,0
TXN-10538,2025-01-23 20:00:00,CUST-4277,40,Male,Electronics,131.55,3,394.65,20,Credit Card,3.1,0
TXN-10539,2025-01-23 21:00:00,CUST-2119,55,Female,Fashion,121.94,3,365.82,0,PayPal,,1
TXN-10540,2025-01-23 22:00:00,CUST-4506,63,Male,Home & Kitchen,32.4,1,32.4,0,UPI/NetBanking,4.2,0
TXN-10541,2025-01-23 23:00:00,CUST-4728,66,Non-Binary,Electronics,24.94,2,49.88,5,UPI/NetBanking,4.1,1
TXN-10542,2025-01-24 00:00:00,CUST-7304,56,Female,Home & Kitchen,171.35,2,342.7,10,Credit Card,3.9,0
TXN-10543,2025-01-24 01:00:00,CUST-2140,69,Male,Home & Kitchen,31.8,4,127.2,10,UPI/NetBanking,4.0,0
TXN-10544,2025-01-24 02:00:00,CUST-2666,28,Male,Sports,50.14,5,250.7,15,UPI/NetBanking,3.9,1
TXN-10545,2025-01-24 03:00:00,CUST-9177,63,Female,Home & Kitchen,135.01,4,540.04,5,PayPal,5.0,0
TXN-10546,2025-01-24 04:00:00,CUST-8448,34,Female,Electronics,257.61,1,257.61,0,Credit Card,4.1,1
TXN-10547,2025-01-24 05:00:00,CUST-3934,61,Male,Fashion,97.97,1,97.97,10,UPI/NetBanking,3.6,1
TXN-10548,2025-01-24 06:00:00,CUST-9270,39,Female,Fashion,16.52,1,16.52,25,Debit Card,4.3,1
TXN-10549,2025-01-24 07:00:00,CUST-7165,20,Male,Home & Kitchen,182.34,3,547.02,20,Credit Card,3.9,1
TXN-10550,2025-01-24 08:00:00,CUST-9037,61,Female,Fashion,85.22,2,170.44,10,UPI/NetBanking,4.8,1
TXN-10551,2025-01-24 09:00:00,CUST-6779,36,Male,Electronics,18.92,3,56.76,5,PayPal,,1
TXN-10552,2025-01-24 10:00:00,CUST-6591,45,Male,Fashion,51.78,2,103.56,0,UPI/NetBanking,4.4,0
TXN-10553,2025-01-24 11:00:00,CUST-6531,52,Male,Fashion,184.19,5,920.95,10,UPI/NetBanking,,1
TXN-10554,2025-01-24 12:00:00,CUST-1364,42,Female,Fashion,23.74,4,94.96,0,PayPal,4.1,1
TXN-10555,2025-01-24 13:00:00,CUST-6563,37,Male,Fashion,73.4,1,73.4,15,UPI/NetBanking,5.0,1
TXN-10556,2025-01-24 14:00:00,CUST-4700,23,Female,Home & Kitchen,91.17,3,273.51,0,Debit Card,4.9,0
TXN-10557,2025-01-24 15:00:00,CUST-2256,37,Female,Electronics,107.57,3,322.71,0,UPI/NetBanking,3.1,0
TXN-10558,2025-01-24 16:00:00,CUST-1304,51,Female,Home & Kitchen,35.35,4,141.4,0,UPI/NetBanking,4.5,1
TXN-10559,2025-01-24 17:00:00,CUST-8106,64,Female,Fashion,53.5,2,107.0,0,PayPal,4.6,1
TXN-10560,2025-01-24 18:00:00,CUST-2055,44,Male,Electronics,29.88,5,149.4,0,Credit Card,3.6,0
TXN-10561,2025-01-24 19:00:00,CUST-6087,53,Non-Binary,Fashion,215.67,2,431.34,0,Credit Card,4.5,0
TXN-10562,2025-01-24 20:00:00,CUST-1691,49,Female,Electronics,207.8,3,623.4,10,Debit Card,3.2,1
TXN-10563,2025-01-24 21:00:00,CUST-6954,23,Male,Beauty,172.24,2,344.48,0,PayPal,2.9,1
TXN-10564,2025-01-24 22:00:00,CUST-9605,23,Male,Electronics,154.69,3,464.07,15,PayPal,4.0,1
TXN-10565,2025-01-24 23:00:00,CUST-7928,24,Male,Sports,64.2,3,192.6,20,Credit Card,4.1,1
TXN-10566,2025-01-25 00:00:00,CUST-8780,35,Female,Sports,53.33,3,159.99,15,Credit Card,3.9,1
TXN-10567,2025-01-25 01:00:00,CUST-1895,68,Female,Electronics,56.28,3,168.84,20,PayPal,4.3,0
TXN-10568,2025-01-25 02:00:00,CUST-7438,34,Male,Sports,135.13,3,405.39,0,Debit Card,5.0,1
TXN-10569,2025-01-25 03:00:00,CUST-7656,35,Female,Beauty,254.84,4,1019.36,15,COD,2.8,0
TXN-10570,2025-01-25 04:00:00,CUST-3627,50,Male,Fashion,126.05,5,630.25,15,UPI/NetBanking,,0
TXN-10571,2025-01-25 05:00:00,CUST-4010,68,Female,Electronics,33.98,3,101.94,5,Credit Card,4.9,1
TXN-10572,2025-01-25 06:00:00,CUST-3131,61,Male,Sports,66.05,2,132.1,0,PayPal,4.3,1
TXN-10573,2025-01-25 07:00:00,CUST-3980,42,Female,Beauty,36.61,1,36.61,20,UPI/NetBanking,3.8,1
TXN-10574,2025-01-25 08:00:00,CUST-8576,62,Female,Electronics,96.8,5,484.0,0,Credit Card,4.5,1
TXN-10575,2025-01-25 09:00:00,CUST-8129,47,Female,Fashion,36.61,2,73.22,0,Debit Card,4.1,0
TXN-10576,2025-01-25 10:00:00,CUST-9096,45,Female,Home & Kitchen,468.96,3,1406.88,15,Credit Card,4.2,1
TXN-10577,2025-01-25 11:00:00,CUST-4858,33,Male,Home & Kitchen,67.09,1,67.09,5,Debit Card,4.0,0
TXN-10578,2025-01-25 12:00:00,CUST-4476,63,Male,Home & Kitchen,21.45,5,107.25,0,Credit Card,5.0,1
TXN-10579,2025-01-25 13:00:00,CUST-1745,,Female,Fashion,337.6,3,1012.8,0,Debit Card,2.9,0
TXN-10580,2025-01-25 14:00:00,CUST-3783,39,Female,Electronics,47.45,5,237.25,5,Credit Card,5.0,1
TXN-10581,2025-01-25 15:00:00,CUST-5603,45,Male,Beauty,95.68,3,287.04,10,UPI/NetBanking,4.1,1
TXN-10582,2025-01-25 16:00:00,CUST-9049,27,Female,Sports,101.05,4,404.2,0,Credit Card,4.7,1
TXN-10583,2025-01-25 17:00:00,CUST-8150,49,Male,Fashion,119.94,4,479.76,5,Credit Card,4.3,0
TXN-10584,2025-01-25 18:00:00,CUST-6727,36,Male,Electronics,75.42,3,226.26,10,PayPal,4.3,1
TXN-10585,2025-01-25 19:00:00,CUST-3958,22,Male,Fashion,23.42,3,70.26,0,PayPal,4.2,0
TXN-10586,2025-01-25 20:00:00,CUST-2737,27,Male,Fashion,119.55,4,478.2,5,COD,5.0,1
TXN-10587,2025-01-25 21:00:00,CUST-8423,64,Non-Binary,Sports,150.55,2,301.1,0,Credit Card,4.3,0
TXN-10588,2025-01-25 22:00:00,CUST-1909,53,Female,Fashion,58.26,2,116.52,0,PayPal,4.7,0
TXN-10589,2025-01-25 23:00:00,CUST-7592,66,Female,Electronics,45.14,4,180.56,15,COD,4.3,1
TXN-10590,2025-01-26 00:00:00,CUST-6882,41,Female,Fashion,199.15,4,796.6,0,UPI/NetBanking,3.6,0
TXN-10591,2025-01-26 01:00:00,CUST-7979,50,Male,Fashion,36.58,2,73.16,20,UPI/NetBanking,4.5,0
TXN-10592,2025-01-26 02:00:00,CUST-8671,69,Male,Electronics,26.62,3,79.86,15,UPI/NetBanking,4.5,0
TXN-10593,2025-01-26 03:00:00,CUST-2763,44,Male,Home & Kitchen,86.44,3,259.32,5,UPI/NetBanking,4.3,0
TXN-10594,2025-01-26 04:00:00,CUST-8583,29,Female,Electronics,60.75,3,182.25,5,PayPal,3.0,0
TXN-10595,2025-01-26 05:00:00,CUST-4066,23,Female,Home & Kitchen,189.48,1,189.48,5,Credit Card,4.6,0
TXN-10596,2025-01-26 06:00:00,CUST-8817,43,Female,Sports,93.29,4,373.16,5,Debit Card,3.5,1
TXN-10597,2025-01-26 07:00:00,CUST-5958,26,Male,Electronics,16.36,2,32.72,20,Credit Card,2.5,1
TXN-10598,2025-01-26 08:00:00,CUST-8139,68,Female,Electronics,139.82,2,279.64,5,Credit Card,4.8,1
TXN-10599,2025-01-26 09:00:00,CUST-8724,,Male,Electronics,44.69,4,178.76,0,Credit Card,5.0,1
TXN-10600,2025-01-26 10:00:00,CUST-7810,65,Female,Home & Kitchen,604.43,1,604.43,5,UPI/NetBanking,3.4,1
TXN-10601,2025-01-26 11:00:00,CUST-8993,21,Female,Fashion,47.26,1,47.26,0,UPI/NetBanking,3.5,0
TXN-10602,2025-01-26 12:00:00,CUST-6681,45,Male,Electronics,33.14,3,99.42,5,UPI/NetBanking,3.6,1
TXN-10603,2025-01-26 13:00:00,CUST-8675,36,Female,Fashion,60.84,3,182.52,15,PayPal,2.7,1
TXN-10604,2025-01-26 14:00:00,CUST-5627,23,Female,Electronics,33.91,5,169.55,5,PayPal,3.7,1
TXN-10605,2025-01-26 15:00:00,CUST-1297,34,Male,Electronics,164.6,5,823.0,0,Credit Card,4.2,1
TXN-10606,2025-01-26 16:00:00,CUST-2977,49,Male,Fashion,52.3,1,52.3,15,UPI/NetBanking,5.0,1
TXN-10607,2025-01-26 17:00:00,CUST-2706,46,Female,Sports,134.82,1,134.82,15,UPI/NetBanking,3.1,0
TXN-10608,2025-01-26 18:00:00,CUST-1687,28,Female,Beauty,220.61,2,441.22,15,PayPal,2.8,0
TXN-10609,2025-01-26 19:00:00,CUST-6959,26,Male,Electronics,312.03,1,312.03,0,Debit Card,4.2,1
TXN-10610,2025-01-26 20:00:00,CUST-2396,63,Female,Fashion,107.96,2,215.92,15,UPI/NetBanking,4.7,1
TXN-10611,2025-01-26 21:00:00,CUST-8516,51,Female,Fashion,17.57,2,35.14,15,PayPal,4.8,0
TXN-10612,2025-01-26 22:00:00,CUST-6542,67,Male,Electronics,136.02,2,272.04,20,Credit Card,4.0,1
TXN-10613,2025-01-26 23:00:00,CUST-5845,61,Female,Beauty,123.67,3,371.01,20,Credit Card,3.2,1
TXN-10614,2025-01-27 00:00:00,CUST-3406,46,Female,Beauty,98.23,5,491.15,10,PayPal,4.3,0
TXN-10615,2025-01-27 01:00:00,CUST-5940,52,Male,Home & Kitchen,129.52,2,259.04,10,UPI/NetBanking,3.5,1
TXN-10616,2025-01-27 02:00:00,CUST-6115,66,Female,Electronics,202.87,5,1014.35,10,Credit Card,3.9,0
TXN-10617,2025-01-27 03:00:00,CUST-1982,34,Female,Fashion,19.16,1,19.16,5,UPI/NetBanking,,0
TXN-10618,2025-01-27 04:00:00,CUST-4868,55,Female,Beauty,98.99,5,494.95,15,Credit Card,2.2,1
TXN-10619,2025-01-27 05:00:00,CUST-3293,51,Female,Electronics,76.76,2,153.52,15,UPI/NetBanking,3.9,0
TXN-10620,2025-01-27 06:00:00,CUST-2018,26,Male,Fashion,54.18,5,270.9,5,UPI/NetBanking,2.9,1
TXN-10621,2025-01-27 07:00:00,CUST-9172,46,Female,Sports,126.84,4,507.36,15,Credit Card,4.1,1
TXN-10622,2025-01-27 08:00:00,CUST-9669,31,Male,Electronics,29.5,5,147.5,5,COD,3.8,1
TXN-10623,2025-01-27 09:00:00,CUST-2980,36,Male,Electronics,54.47,3,163.41,5,UPI/NetBanking,4.8,0
TXN-10624,2025-01-27 10:00:00,CUST-5999,31,Male,Home & Kitchen,15.18,5,75.9,5,Debit Card,4.9,1
TXN-10625,2025-01-27 11:00:00,CUST-8411,68,Male,Beauty,167.48,2,334.96,15,UPI/NetBanking,3.5,1
TXN-10626,2025-01-27 12:00:00,CUST-6328,57,Female,Fashion,37.53,4,150.12,5,Credit Card,4.4,1
TXN-10627,2025-01-27 13:00:00,CUST-5544,28,Female,Home & Kitchen,150.19,3,450.57,10,Credit Card,4.5,1
TXN-10628,2025-01-27 14:00:00,CUST-1866,51,Male,Fashion,208.1,1,208.1,10,UPI/NetBanking,5.0,0
TXN-10629,2025-01-27 15:00:00,CUST-4371,63,Female,Home & Kitchen,22.52,5,112.6,10,UPI/NetBanking,4.3,1
TXN-10630,2025-01-27 16:00:00,CUST-7798,51,Male,Electronics,25.35,1,25.35,10,Credit Card,4.1,1
TXN-10631,2025-01-27 17:00:00,CUST-3526,44,Female,Electronics,291.03,2,582.06,0,Credit Card,3.9,0
TXN-10632,2025-01-27 18:00:00,CUST-7152,25,Male,Electronics,92.25,2,184.5,5,PayPal,4.9,0
TXN-10633,2025-01-27 19:00:00,CUST-1993,53,Male,Fashion,59.49,2,118.98,20,Credit Card,3.9,1
TXN-10634,2025-01-27 20:00:00,CUST-3057,44,Male,Beauty,73.99,2,147.98,5,COD,4.0,1
TXN-10635,2025-01-27 21:00:00,CUST-7942,53,Male,Electronics,68.11,5,340.55,0,COD,,1
TXN-10636,2025-01-27 22:00:00,CUST-8900,34,Female,Fashion,51.8,2,103.6,10,UPI/NetBanking,4.1,0
TXN-10637,2025-01-27 23:00:00,CUST-7476,26,Female,Sports,194.01,2,388.02,10,COD,3.3,1
TXN-10638,2025-01-28 00:00:00,CUST-6613,66,Female,Electronics,107.27,3,321.81,5,UPI/NetBanking,5.0,1
TXN-10639,2025-01-28 01:00:00,CUST-1033,18,Female,Home & Kitchen,60.31,4,241.24,15,UPI/NetBanking,4.3,1
TXN-10640,2025-01-28 02:00:00,CUST-2270,70,Female,Home & Kitchen,52.01,4,208.04,15,UPI/NetBanking,4.3,0
TXN-10641,2025-01-28 03:00:00,CUST-8580,30,Male,Electronics,16.7,3,50.1,10,PayPal,3.1,1
TXN-10642,2025-01-28 04:00:00,CUST-5967,32,Male,Fashion,53.33,3,159.99,5,PayPal,5.0,1
TXN-10643,2025-01-28 05:00:00,CUST-2817,54,Female,Electronics,33.31,5,166.55,10,UPI/NetBanking,4.3,1
TXN-10644,2025-01-28 06:00:00,CUST-2065,54,Female,Beauty,125.95,3,377.85,0,PayPal,3.9,0
TXN-10645,2025-01-28 07:00:00,CUST-8437,,Male,Home & Kitchen,104.24,3,312.72,5,COD,3.4,1
TXN-10646,2025-01-28 08:00:00,CUST-8644,51,Female,Beauty,36.62,3,109.86,20,UPI/NetBanking,3.7,1
TXN-10647,2025-01-28 09:00:00,CUST-1415,32,Non-Binary,Fashion,21.58,2,43.16,0,Credit Card,4.6,1
TXN-10648,2025-01-28 10:00:00,CUST-1456,69,Male,Beauty,247.42,3,742.26,0,UPI/NetBanking,4.8,1
TXN-10649,2025-01-28 11:00:00,CUST-4878,67,Female,Fashion,23.55,4,94.2,10,Credit Card,3.1,0
TXN-10650,2025-01-28 12:00:00,CUST-6132,62,Male,Electronics,228.75,4,915.0,0,UPI/NetBanking,4.4,0
TXN-10651,2025-01-28 13:00:00,CUST-7249,57,Female,Electronics,92.79,5,463.95,0,UPI/NetBanking,4.3,1
TXN-10652,2025-01-28 14:00:00,CUST-2659,61,Female,Fashion,48.81,2,97.62,0,Credit Card,3.1,1
TXN-10653,2025-01-28 15:00:00,CUST-3064,34,Male,Fashion,97.44,2,194.88,0,PayPal,3.5,0
TXN-10654,2025-01-28 16:00:00,CUST-8140,59,Female,Fashion,199.0,2,398.0,0,Credit Card,4.1,1
TXN-10655,2025-01-28 17:00:00,CUST-3369,50,Female,Home & Kitchen,19.77,3,59.31,0,Credit Card,4.3,1
TXN-10656,2025-01-28 18:00:00,CUST-6595,48,Female,Sports,92.83,3,278.49,20,UPI/NetBanking,4.0,0
TXN-10657,2025-01-28 19:00:00,CUST-1691,18,Female,Home & Kitchen,68.41,2,136.82,0,PayPal,4.8,0
TXN-10658,2025-01-28 20:00:00,CUST-7158,29,Female,Electronics,15.85,3,47.55,0,Credit Card,4.5,1
TXN-10659,2025-01-28 21:00:00,CUST-1719,30,Male,Electronics,199.12,2,398.24,5,UPI/NetBanking,5.0,0
TXN-10660,2025-01-28 22:00:00,CUST-5289,19,Female,Electronics,105.43,1,105.43,5,Credit Card,3.7,0
TXN-10661,2025-01-28 23:00:00,CUST-9633,57,Female,Beauty,20.75,2,41.5,20,Credit Card,4.7,1
TXN-10662,2025-01-29 00:00:00,CUST-7131,45,Non-Binary,Electronics,19.02,5,95.1,10,Debit Card,4.5,1
TXN-10663,2025-01-29 01:00:00,CUST-5588,50,Non-Binary,Beauty,34.95,1,34.95,15,PayPal,4.6,0
TXN-10664,2025-01-29 02:00:00,CUST-7358,59,Female,Fashion,77.19,2,154.38,5,UPI/NetBanking,4.0,0
TXN-10665,2025-01-29 03:00:00,CUST-7569,68,Female,Electronics,36.07,2,72.14,5,Credit Card,3.4,1
TXN-10666,2025-01-29 04:00:00,CUST-7178,41,Male,Electronics,133.39,3,400.17,5,UPI/NetBanking,3.2,1
TXN-10667,2025-01-29 05:00:00,CUST-8660,41,Female,Fashion,55.96,2,111.92,5,Credit Card,4.4,1
TXN-10668,2025-01-29 06:00:00,CUST-5825,50,Female,Electronics,42.5,2,85.0,0,Credit Card,4.3,0
TXN-10669,2025-01-29 07:00:00,CUST-5959,67,Female,Electronics,118.95,2,237.9,25,PayPal,4.6,1
TXN-10670,2025-01-29 08:00:00,CUST-1139,36,Female,Beauty,58.96,4,235.84,15,PayPal,,1
TXN-10671,2025-01-29 09:00:00,CUST-3445,32,Male,Home & Kitchen,69.68,5,348.4,10,UPI/NetBanking,4.5,0
TXN-10672,2025-01-29 10:00:00,CUST-4077,62,Male,Fashion,177.94,1,177.94,5,UPI/NetBanking,3.6,1
TXN-10673,2025-01-29 11:00:00,CUST-1158,60,Female,Fashion,61.18,4,244.72,15,PayPal,3.4,0
TXN-10674,2025-01-29 12:00:00,CUST-3279,39,Female,Beauty,223.3,5,1116.5,20,COD,3.7,0
TXN-10675,2025-01-29 13:00:00,CUST-9757,48,Male,Home & Kitchen,66.05,3,198.15,0,Credit Card,5.0,1
TXN-10676,2025-01-29 14:00:00,CUST-4058,42,Male,Electronics,106.59,1,106.59,5,UPI/NetBanking,,0
TXN-10677,2025-01-29 15:00:00,CUST-7731,25,Male,Fashion,130.53,4,522.12,25,Debit Card,4.4,0
TXN-10678,2025-01-29 16:00:00,CUST-8081,60,Male,Home & Kitchen,252.95,5,1264.75,0,PayPal,4.8,1
TXN-10679,2025-01-29 17:00:00,CUST-7541,33,Female,Sports,194.69,4,778.76,5,Credit Card,5.0,1
TXN-10680,2025-01-29 18:00:00,CUST-8476,63,Female,Fashion,162.39,2,324.78,5,Credit Card,3.6,1
TXN-10681,2025-01-29 19:00:00,CUST-2565,20,Male,Beauty,42.19,5,210.95,0,COD,4.5,1
TXN-10682,2025-01-29 20:00:00,CUST-4559,44,Non-Binary,Home & Kitchen,470.91,1,470.91,15,UPI/NetBanking,3.8,0
TXN-10683,2025-01-29 21:00:00,CUST-1731,22,Female,Home & Kitchen,67.68,3,203.04,15,Debit Card,4.4,0
TXN-10684,2025-01-29 22:00:00,CUST-2878,26,Male,Home & Kitchen,71.37,1,71.37,0,PayPal,3.5,0
TXN-10685,2025-01-29 23:00:00,CUST-3643,19,Female,Electronics,26.27,4,105.08,0,PayPal,,0
TXN-10686,2025-01-30 00:00:00,CUST-8219,31,Female,Beauty,79.59,4,318.36,10,Debit Card,4.5,1
TXN-10687,2025-01-30 01:00:00,CUST-2684,37,Male,Home & Kitchen,19.24,4,76.96,15,COD,4.2,1
TXN-10688,2025-01-30 02:00:00,CUST-1238,30,Female,Electronics,285.98,1,285.98,15,Debit Card,4.5,0
TXN-10689,2025-01-30 03:00:00,CUST-7810,70,Male,Home & Kitchen,32.86,2,65.72,20,UPI/NetBanking,4.2,0
TXN-10690,2025-01-30 04:00:00,CUST-1245,38,Male,Electronics,36.13,3,108.39,10,UPI/NetBanking,4.5,0
TXN-10691,2025-01-30 05:00:00,CUST-5940,49,Non-Binary,Electronics,80.3,5,401.5,0,COD,5.0,1
TXN-10692,2025-01-30 06:00:00,CUST-3177,58,Female,Home & Kitchen,339.5,4,1358.0,0,Credit Card,4.1,1
TXN-10693,2025-01-30 07:00:00,CUST-9372,32,Female,Home & Kitchen,16.14,1,16.14,10,Debit Card,4.1,1
TXN-10694,2025-01-30 08:00:00,CUST-1981,49,Male,Electronics,34.43,1,34.43,0,PayPal,3.0,1
TXN-10695,2025-01-30 09:00:00,CUST-6385,38,Female,Beauty,77.54,4,310.16,10,Credit Card,,1
TXN-10696,2025-01-30 10:00:00,CUST-6427,31,Female,Sports,107.96,2,215.92,15,PayPal,4.8,0
TXN-10697,2025-01-30 11:00:00,CUST-1099,49,Male,Electronics,100.52,2,201.04,20,Credit Card,3.6,1
TXN-10698,2025-01-30 12:00:00,CUST-4348,23,Male,Fashion,30.24,2,60.48,0,Credit Card,4.0,1
TXN-10699,2025-01-30 13:00:00,CUST-5454,48,Male,Sports,58.17,2,116.34,5,UPI/NetBanking,4.9,1
TXN-10700,2025-01-30 14:00:00,CUST-3553,68,Female,Beauty,62.39,1,62.39,15,COD,4.8,0
TXN-10701,2025-01-30 15:00:00,CUST-8596,36,Male,Home & Kitchen,21.35,2,42.7,15,Credit Card,5.0,0
TXN-10702,2025-01-30 16:00:00,CUST-9203,41,Female,Sports,254.54,3,763.62,5,Credit Card,5.0,1
TXN-10703,2025-01-30 17:00:00,CUST-3039,54,Male,Beauty,282.65,3,847.95,10,UPI/NetBanking,4.8,1
TXN-10704,2025-01-30 18:00:00,CUST-7313,65,Male,Fashion,231.26,3,693.78,10,PayPal,3.9,1
TXN-10705,2025-01-30 19:00:00,CUST-3414,56,Female,Home & Kitchen,29.96,1,29.96,15,UPI/NetBanking,3.8,0
TXN-10706,2025-01-30 20:00:00,CUST-2316,30,Female,Electronics,62.31,3,186.93,10,UPI/NetBanking,3.2,1
TXN-10707,2025-01-30 21:00:00,CUST-2456,54,Female,Fashion,28.09,2,56.18,20,UPI/NetBanking,3.6,1
TXN-10708,2025-01-30 22:00:00,CUST-9056,,Male,Home & Kitchen,78.27,3,234.81,15,Credit Card,4.1,0
TXN-10709,2025-01-30 23:00:00,CUST-2806,70,Male,Electronics,132.81,2,265.62,0,COD,3.8,1
TXN-10710,2025-01-31 00:00:00,CUST-2789,28,Male,Electronics,26.32,1,26.32,5,UPI/NetBanking,4.0,0
TXN-10711,2025-01-31 01:00:00,CUST-1118,68,Non-Binary,Electronics,77.8,1,77.8,5,UPI/NetBanking,3.9,0
TXN-10712,2025-01-31 02:00:00,CUST-8961,39,Female,Fashion,112.35,3,337.05,25,Debit Card,3.9,0
TXN-10713,2025-01-31 03:00:00,CUST-6833,69,Male,Fashion,116.86,2,233.72,0,Credit Card,3.6,1
TXN-10714,2025-01-31 04:00:00,CUST-5072,57,Female,Beauty,76.49,2,152.98,0,UPI/NetBanking,3.8,1
TXN-10715,2025-01-31 05:00:00,CUST-6333,32,Female,Fashion,95.6,1,95.6,5,COD,5.0,1
TXN-10716,2025-01-31 06:00:00,CUST-2645,36,Female,Home & Kitchen,188.33,5,941.65,15,PayPal,3.9,1
TXN-10717,2025-01-31 07:00:00,CUST-9990,47,Male,Fashion,25.45,5,127.25,0,Credit Card,4.2,1
TXN-10718,2025-01-31 08:00:00,CUST-2465,63,Male,Sports,48.6,4,194.4,15,Credit Card,2.7,0
TXN-10719,2025-01-31 09:00:00,CUST-3224,58,Female,Electronics,115.04,2,230.08,20,PayPal,4.4,1
TXN-10720,2025-01-31 10:00:00,CUST-7176,65,Female,Fashion,102.34,5,511.7,25,UPI/NetBanking,4.2,0
TXN-10721,2025-01-31 11:00:00,CUST-6574,30,Female,Electronics,53.97,3,161.91,25,UPI/NetBanking,,0
TXN-10722,2025-01-31 12:00:00,CUST-9775,42,Non-Binary,Fashion,53.6,2,107.2,10,UPI/NetBanking,4.8,0
TXN-10723,2025-01-31 13:00:00,CUST-9819,38,Male,Sports,169.3,4,677.2,10,Credit Card,4.2,1
TXN-10724,2025-01-31 14:00:00,CUST-1562,37,Female,Home & Kitchen,42.15,5,210.75,5,Debit Card,2.8,1
TXN-10725,2025-01-31 15:00:00,CUST-7171,69,Male,Beauty,35.1,2,70.2,15,Credit Card,4.5,0
TXN-10726,2025-01-31 16:00:00,CUST-3608,53,Male,Fashion,69.52,3,208.56,15,UPI/NetBanking,4.9,0
TXN-10727,2025-01-31 17:00:00,CUST-4196,53,Male,Electronics,133.61,5,668.05,20,Credit Card,3.9,1
TXN-10728,2025-01-31 18:00:00,CUST-8239,36,Female,Electronics,153.68,2,307.36,15,Credit Card,5.0,1
TXN-10729,2025-01-31 19:00:00,CUST-3418,45,Female,Electronics,19.93,3,59.79,25,Credit Card,5.0,1
TXN-10730,2025-01-31 20:00:00,CUST-3434,43,Male,Electronics,57.95,3,173.85,10,COD,4.1,0
TXN-10731,2025-01-31 21:00:00,CUST-2468,70,Female,Electronics,105.01,3,315.03,0,Credit Card,3.2,0
TXN-10732,2025-01-31 22:00:00,CUST-8856,65,Male,Home & Kitchen,56.18,4,224.72,0,Credit Card,3.0,1
TXN-10733,2025-01-31 23:00:00,CUST-9806,70,Female,Fashion,159.57,5,797.85,5,UPI/NetBanking,3.9,0
TXN-10734,2025-02-01 00:00:00,CUST-4399,25,Male,Home & Kitchen,31.86,5,159.3,5,Credit Card,3.0,1
TXN-10735,2025-02-01 01:00:00,CUST-3641,34,Female,Electronics,347.22,5,1736.1,0,COD,5.0,0
TXN-10736,2025-02-01 02:00:00,CUST-1756,51,Female,Electronics,79.92,2,159.84,10,PayPal,4.1,1
TXN-10737,2025-02-01 03:00:00,CUST-6769,50,Male,Electronics,160.65,2,321.3,0,Credit Card,4.3,1
TXN-10738,2025-02-01 04:00:00,CUST-6882,64,Female,Electronics,40.02,4,160.08,10,Credit Card,4.6,1
TXN-10739,2025-02-01 05:00:00,CUST-7968,27,Female,Electronics,127.14,2,254.28,15,UPI/NetBanking,3.8,1
TXN-10740,2025-02-01 06:00:00,CUST-6183,45,Male,Sports,39.17,3,117.51,0,Credit Card,4.2,0
TXN-10741,2025-02-01 07:00:00,CUST-2457,39,Female,Electronics,151.0,3,453.0,0,UPI/NetBanking,4.0,1
TXN-10742,2025-02-01 08:00:00,CUST-3879,37,Female,Beauty,23.54,3,70.62,15,Debit Card,4.4,1
TXN-10743,2025-02-01 09:00:00,CUST-1785,66,Male,Fashion,129.93,5,649.65,10,Debit Card,3.7,1
TXN-10744,2025-02-01 10:00:00,CUST-3547,27,Male,Home & Kitchen,19.62,3,58.86,15,Credit Card,3.9,1
TXN-10745,2025-02-01 11:00:00,CUST-3999,40,Female,Fashion,42.43,4,169.72,10,PayPal,4.3,0
TXN-10746,2025-02-01 12:00:00,CUST-6007,38,Female,Home & Kitchen,21.78,2,43.56,20,Credit Card,5.0,1
TXN-10747,2025-02-01 13:00:00,CUST-9074,18,Non-Binary,Fashion,75.41,2,150.82,5,UPI/NetBanking,5.0,1
TXN-10748,2025-02-01 14:00:00,CUST-4115,65,Male,Fashion,79.96,3,239.88,0,PayPal,3.5,1
TXN-10749,2025-02-01 15:00:00,CUST-9652,20,Female,Sports,110.41,5,552.05,20,Credit Card,4.6,0
TXN-10750,2025-02-01 16:00:00,CUST-9118,41,Non-Binary,Fashion,111.6,5,558.0,20,Debit Card,4.7,1
TXN-10751,2025-02-01 17:00:00,CUST-5337,65,Female,Fashion,233.0,5,1165.0,15,Credit Card,3.6,0
TXN-10752,2025-02-01 18:00:00,CUST-8542,40,Male,Fashion,123.94,4,495.76,5,Credit Card,3.7,0
TXN-10753,2025-02-01 19:00:00,CUST-9426,44,Male,Fashion,29.38,3,88.14,0,UPI/NetBanking,3.8,1
TXN-10754,2025-02-01 20:00:00,CUST-2780,60,Female,Electronics,52.11,4,208.44,0,Debit Card,4.4,0
TXN-10755,2025-02-01 21:00:00,CUST-5667,43,Male,Fashion,17.73,2,35.46,20,COD,4.8,1
TXN-10756,2025-02-01 22:00:00,CUST-3087,66,Female,Fashion,125.04,4,500.16,0,COD,4.8,0
TXN-10757,2025-02-01 23:00:00,CUST-6638,67,Female,Electronics,165.53,4,662.12,25,PayPal,4.0,1
TXN-10758,2025-02-02 00:00:00,CUST-5059,64,Female,Electronics,138.72,3,416.16,25,Credit Card,5.0,0
TXN-10759,2025-02-02 01:00:00,CUST-2688,50,Female,Electronics,179.06,2,358.12,0,Credit Card,5.0,1
TXN-10760,2025-02-02 02:00:00,CUST-4270,21,Male,Fashion,117.38,2,234.76,0,UPI/NetBanking,4.1,1
TXN-10761,2025-02-02 03:00:00,CUST-1846,35,Male,Sports,120.69,2,241.38,5,Credit Card,5.0,0
TXN-10762,2025-02-02 04:00:00,CUST-8734,56,Male,Electronics,266.84,3,800.52,5,Credit Card,4.6,1
TXN-10763,2025-02-02 05:00:00,CUST-3134,65,Female,Home & Kitchen,90.56,5,452.8,5,PayPal,3.1,0
TXN-10764,2025-02-02 06:00:00,CUST-2971,59,Female,Electronics,65.16,1,65.16,0,UPI/NetBanking,5.0,1
TXN-10765,2025-02-02 07:00:00,CUST-4309,27,Male,Electronics,82.97,3,248.91,20,PayPal,3.6,0
TXN-10766,2025-02-02 08:00:00,CUST-2923,22,Female,Fashion,273.9,1,273.9,0,Credit Card,4.0,0
TXN-10767,2025-02-02 09:00:00,CUST-1996,62,Male,Beauty,73.08,5,365.4,20,COD,4.2,1
TXN-10768,2025-02-02 10:00:00,CUST-7567,31,Male,Electronics,35.88,1,35.88,20,PayPal,3.5,1
TXN-10769,2025-02-02 11:00:00,CUST-9602,32,Male,Electronics,25.78,2,51.56,0,Credit Card,5.0,1
TXN-10770,2025-02-02 12:00:00,CUST-5430,21,Female,Electronics,162.38,5,811.9,0,UPI/NetBanking,5.0,1
TXN-10771,2025-02-02 13:00:00,CUST-6317,63,Female,Electronics,27.19,5,135.95,0,COD,4.9,1
TXN-10772,2025-02-02 14:00:00,CUST-5582,19,Female,Sports,143.0,5,715.0,0,PayPal,4.2,1
TXN-10773,2025-02-02 15:00:00,CUST-4377,32,Male,Electronics,99.47,4,397.88,0,Credit Card,3.2,0
TXN-10774,2025-02-02 16:00:00,CUST-3973,70,Female,Electronics,72.32,2,144.64,10,Credit Card,5.0,0
TXN-10775,2025-02-02 17:00:00,CUST-7458,30,Male,Electronics,38.92,4,155.68,0,UPI/NetBanking,4.5,0
TXN-10776,2025-02-02 18:00:00,CUST-1339,18,Female,Home & Kitchen,18.8,2,37.6,15,Credit Card,3.3,1
TXN-10777,2025-02-02 19:00:00,CUST-1153,24,Female,Beauty,177.81,1,177.81,0,UPI/NetBanking,3.8,0
TXN-10778,2025-02-02 20:00:00,CUST-3531,52,Female,Home & Kitchen,26.16,1,26.16,0,Credit Card,4.3,1
TXN-10779,2025-02-02 21:00:00,CUST-3323,,Male,Electronics,56.37,3,169.11,10,Credit Card,3.1,1
TXN-10780,2025-02-02 22:00:00,CUST-2841,25,Male,Sports,43.14,1,43.14,10,Credit Card,5.0,1
TXN-10781,2025-02-02 23:00:00,CUST-1710,29,Male,Fashion,32.01,4,128.04,0,PayPal,4.5,0
TXN-10782,2025-02-03 00:00:00,CUST-9179,34,Female,Home & Kitchen,21.75,1,21.75,20,COD,3.6,0
TXN-10783,2025-02-03 01:00:00,CUST-3421,64,Female,Sports,158.27,1,158.27,10,COD,5.0,0
TXN-10784,2025-02-03 02:00:00,CUST-7308,49,Male,Home & Kitchen,60.42,3,181.26,0,COD,5.0,0
TXN-10785,2025-02-03 03:00:00,CUST-9144,49,Female,Beauty,56.27,5,281.35,15,UPI/NetBanking,4.4,0
TXN-10786,2025-02-03 04:00:00,CUST-6926,,Non-Binary,Electronics,84.47,2,168.94,20,Credit Card,3.7,1
TXN-10787,2025-02-03 05:00:00,CUST-3283,27,Female,Home & Kitchen,242.68,4,970.72,0,Debit Card,5.0,1
TXN-10788,2025-02-03 06:00:00,CUST-7184,62,Non-Binary,Fashion,117.74,5,588.7,0,Debit Card,5.0,0
TXN-10789,2025-02-03 07:00:00,CUST-6984,33,Male,Home & Kitchen,157.84,2,315.68,15,UPI/NetBanking,2.5,1
TXN-10790,2025-02-03 08:00:00,CUST-6526,59,Female,Electronics,29.4,1,29.4,10,Credit Card,3.9,0
TXN-10791,2025-02-03 09:00:00,CUST-7940,47,Female,Beauty,228.79,5,1143.95,5,Credit Card,4.2,0
TXN-10792,2025-02-03 10:00:00,CUST-3050,43,Female,Electronics,32.25,5,161.25,10,Credit Card,4.5,1
TXN-10793,2025-02-03 11:00:00,CUST-7637,28,Male,Fashion,61.92,3,185.76,0,Credit Card,4.3,0
TXN-10794,2025-02-03 12:00:00,CUST-9873,31,Female,Beauty,46.43,5,232.15,0,COD,4.1,0
TXN-10795,2025-02-03 13:00:00,CUST-1735,68,Female,Electronics,23.32,3,69.96,0,UPI/NetBanking,3.8,1
TXN-10796,2025-02-03 14:00:00,CUST-6830,62,Female,Fashion,207.8,5,1039.0,0,Debit Card,4.5,1
TXN-10797,2025-02-03 15:00:00,CUST-7260,20,Male,Electronics,67.87,1,67.87,25,Credit Card,4.0,1
TXN-10798,2025-02-03 16:00:00,CUST-9218,64,Female,Fashion,139.42,4,557.68,15,Credit Card,3.8,1
TXN-10799,2025-02-03 17:00:00,CUST-8059,63,Female,Fashion,34.91,5,174.55,10,COD,4.5,0
TXN-10800,2025-02-03 18:00:00,CUST-6071,69,Female,Electronics,23.4,3,70.2,0,Credit Card,4.2,1
TXN-10801,2025-02-03 19:00:00,CUST-6789,29,Female,Fashion,378.71,3,1136.13,15,UPI/NetBanking,5.0,1
TXN-10802,2025-02-03 20:00:00,CUST-6955,43,Male,Home & Kitchen,112.01,4,448.04,5,Debit Card,3.5,0
TXN-10803,2025-02-03 21:00:00,CUST-7769,34,Female,Sports,18.71,1,18.71,15,Credit Card,5.0,0
TXN-10804,2025-02-03 22:00:00,CUST-3592,22,Male,Beauty,109.02,3,327.06,5,UPI/NetBanking,4.3,1
TXN-10805,2025-02-03 23:00:00,CUST-2406,24,Female,Sports,139.27,2,278.54,5,Credit Card,3.8,1
TXN-10806,2025-02-04 00:00:00,CUST-2873,20,Female,Sports,28.37,2,56.74,5,Credit Card,3.9,0
TXN-10807,2025-02-04 01:00:00,CUST-6922,48,Male,Electronics,16.97,4,67.88,0,UPI/NetBanking,4.8,0
TXN-10808,2025-02-04 02:00:00,CUST-8396,51,Male,Beauty,32.29,1,32.29,0,COD,4.5,1
TXN-10809,2025-02-04 03:00:00,CUST-3695,44,Female,Fashion,145.2,4,580.8,5,PayPal,5.0,1
TXN-10810,2025-02-04 04:00:00,CUST-2274,55,Female,Fashion,380.1,3,1140.3,0,Debit Card,4.3,1
TXN-10811,2025-02-04 05:00:00,CUST-6184,61,Male,Fashion,15.31,4,61.24,20,Debit Card,3.6,0
TXN-10812,2025-02-04 06:00:00,CUST-4074,52,Female,Home & Kitchen,35.7,2,71.4,25,COD,3.5,0
TXN-10813,2025-02-04 07:00:00,CUST-6960,,Female,Fashion,186.97,4,747.88,10,UPI/NetBanking,3.7,1
TXN-10814,2025-02-04 08:00:00,CUST-6502,29,Male,Fashion,83.39,2,166.78,10,UPI/NetBanking,4.9,1
TXN-10815,2025-02-04 09:00:00,CUST-8167,62,Female,Sports,180.32,1,180.32,15,Credit Card,3.7,1
TXN-10816,2025-02-04 10:00:00,CUST-9924,46,Female,Beauty,108.65,4,434.6,0,PayPal,3.7,0
TXN-10817,2025-02-04 11:00:00,CUST-8693,40,Non-Binary,Sports,60.27,4,241.08,0,UPI/NetBanking,3.9,0
TXN-10818,2025-02-04 12:00:00,CUST-7794,18,Female,Fashion,16.33,2,32.66,15,Debit Card,5.0,1
TXN-10819,2025-02-04 13:00:00,CUST-6201,54,Non-Binary,Electronics,323.57,2,647.14,10,UPI/NetBanking,4.9,1
TXN-10820,2025-02-04 14:00:00,CUST-7396,29,Male,Fashion,29.66,2,59.32,0,Debit Card,3.9,1
TXN-10821,2025-02-04 15:00:00,CUST-7422,58,Female,Beauty,29.72,3,89.16,0,Credit Card,3.6,0
TXN-10822,2025-02-04 16:00:00,CUST-9907,23,Female,Electronics,127.62,4,510.48,10,PayPal,3.5,1
TXN-10823,2025-02-04 17:00:00,CUST-4633,52,Female,Home & Kitchen,154.87,4,619.48,15,PayPal,5.0,1
TXN-10824,2025-02-04 18:00:00,CUST-2694,56,Male,Electronics,40.82,2,81.64,0,UPI/NetBanking,3.8,1
TXN-10825,2025-02-04 19:00:00,CUST-7402,68,Male,Electronics,286.96,1,286.96,0,UPI/NetBanking,3.7,0
TXN-10826,2025-02-04 20:00:00,CUST-5894,,Male,Home & Kitchen,94.31,1,94.31,0,Credit Card,3.6,1
TXN-10827,2025-02-04 21:00:00,CUST-9953,,Female,Electronics,26.02,5,130.1,0,Credit Card,5.0,0
TXN-10828,2025-02-04 22:00:00,CUST-4554,26,Male,Home & Kitchen,253.92,3,761.76,0,Credit Card,5.0,1
TXN-10829,2025-02-04 23:00:00,CUST-5822,69,Female,Fashion,58.41,2,116.82,0,Credit Card,3.8,0
TXN-10830,2025-02-05 00:00:00,CUST-6105,31,Female,Fashion,197.27,4,789.08,10,Credit Card,2.4,0
TXN-10831,2025-02-05 01:00:00,CUST-7275,54,Male,Beauty,160.45,4,641.8,0,Credit Card,3.7,1
TXN-10832,2025-02-05 02:00:00,CUST-9691,19,Male,Beauty,62.69,2,125.38,5,Credit Card,3.9,0
TXN-10833,2025-02-05 03:00:00,CUST-6151,38,Female,Home & Kitchen,35.44,5,177.2,15,Debit Card,3.5,1
TXN-10834,2025-02-05 04:00:00,CUST-2686,63,Female,Beauty,182.07,1,182.07,10,UPI/NetBanking,4.8,1
TXN-10835,2025-02-05 05:00:00,CUST-6244,21,Female,Fashion,408.68,4,1634.72,0,UPI/NetBanking,3.8,0
TXN-10836,2025-02-05 06:00:00,CUST-1292,54,Non-Binary,Sports,43.44,4,173.76,0,UPI/NetBanking,3.9,0
TXN-10837,2025-02-05 07:00:00,CUST-1266,24,Female,Fashion,45.44,3,136.32,15,UPI/NetBanking,3.8,0
TXN-10838,2025-02-05 08:00:00,CUST-8447,59,Non-Binary,Electronics,54.8,5,274.0,0,Credit Card,5.0,0
TXN-10839,2025-02-05 09:00:00,CUST-6289,64,Male,Electronics,33.03,3,99.09,15,UPI/NetBanking,,1
TXN-10840,2025-02-05 10:00:00,CUST-1860,68,Male,Electronics,45.84,3,137.52,5,UPI/NetBanking,4.1,0
TXN-10841,2025-02-05 11:00:00,CUST-8548,38,Female,Beauty,200.93,4,803.72,10,PayPal,4.6,0
TXN-10842,2025-02-05 12:00:00,CUST-8830,35,Male,Home & Kitchen,36.76,3,110.28,15,PayPal,4.5,1
TXN-10843,2025-02-05 13:00:00,CUST-4373,22,Non-Binary,Electronics,16.12,2,32.24,5,UPI/NetBanking,3.8,0
TXN-10844,2025-02-05 14:00:00,CUST-9644,38,Female,Fashion,66.44,2,132.88,15,Credit Card,4.8,1
TXN-10845,2025-02-05 15:00:00,CUST-9412,43,Male,Electronics,30.25,3,90.75,25,UPI/NetBanking,3.9,1
TXN-10846,2025-02-05 16:00:00,CUST-2755,33,Male,Fashion,41.37,4,165.48,10,UPI/NetBanking,4.5,1
TXN-10847,2025-02-05 17:00:00,CUST-3467,45,Female,Electronics,42.05,1,42.05,0,UPI/NetBanking,4.1,0
TXN-10848,2025-02-05 18:00:00,CUST-4103,56,Male,Home & Kitchen,77.14,1,77.14,10,UPI/NetBanking,4.2,0
TXN-10849,2025-02-05 19:00:00,CUST-5361,52,Male,Electronics,97.29,4,389.16,5,Credit Card,4.4,1
TXN-10850,2025-02-05 20:00:00,CUST-5395,28,Female,Fashion,43.87,5,219.35,0,Credit Card,5.0,1
TXN-10851,2025-02-05 21:00:00,CUST-4909,61,Male,Electronics,210.61,2,421.22,25,PayPal,3.7,0
TXN-10852,2025-02-05 22:00:00,CUST-5322,28,Female,Beauty,91.62,4,366.48,10,UPI/NetBanking,5.0,1
TXN-10853,2025-02-05 23:00:00,CUST-5762,51,Female,Beauty,141.89,1,141.89,5,PayPal,5.0,1
TXN-10854,2025-02-06 00:00:00,CUST-9940,49,Male,Fashion,164.5,3,493.5,15,Debit Card,5.0,1
TXN-10855,2025-02-06 01:00:00,CUST-2847,51,Female,Electronics,341.92,2,683.84,10,Credit Card,3.0,0
TXN-10856,2025-02-06 02:00:00,CUST-8056,65,Male,Sports,55.33,1,55.33,25,Debit Card,4.8,1
TXN-10857,2025-02-06 03:00:00,CUST-9632,61,Male,Fashion,90.61,3,271.83,5,Credit Card,3.7,0
TXN-10858,2025-02-06 04:00:00,CUST-3014,47,Female,Beauty,51.22,1,51.22,25,UPI/NetBanking,3.8,1
TXN-10859,2025-02-06 05:00:00,CUST-3664,36,Male,Electronics,66.41,2,132.82,0,UPI/NetBanking,4.3,0
TXN-10860,2025-02-06 06:00:00,CUST-8050,18,Male,Electronics,194.32,5,971.6,10,PayPal,4.7,1
TXN-10861,2025-02-06 07:00:00,CUST-4223,23,Male,Electronics,244.68,2,489.36,15,UPI/NetBanking,4.5,1
TXN-10862,2025-02-06 08:00:00,CUST-2607,37,Female,Electronics,63.65,3,190.95,15,Credit Card,4.2,0
TXN-10863,2025-02-06 09:00:00,CUST-5997,54,Female,Fashion,32.22,4,128.88,0,UPI/NetBanking,4.9,1
TXN-10864,2025-02-06 10:00:00,CUST-6858,45,Male,Sports,67.58,5,337.9,0,PayPal,5.0,1
TXN-10865,2025-02-06 11:00:00,CUST-9391,57,Female,Home & Kitchen,44.51,4,178.04,0,PayPal,5.0,1
TXN-10866,2025-02-06 12:00:00,CUST-9487,21,Male,Electronics,378.9,1,378.9,5,Credit Card,3.6,0
TXN-10867,2025-02-06 13:00:00,CUST-9369,21,Female,Fashion,85.18,4,340.72,0,Debit Card,4.3,0
TXN-10868,2025-02-06 14:00:00,CUST-6093,18,Female,Home & Kitchen,34.04,1,34.04,0,UPI/NetBanking,4.6,1
TXN-10869,2025-02-06 15:00:00,CUST-9287,21,Female,Electronics,71.19,2,142.38,15,Debit Card,4.5,1
TXN-10870,2025-02-06 16:00:00,CUST-8194,57,Male,Electronics,16.86,2,33.72,15,PayPal,4.2,1
TXN-10871,2025-02-06 17:00:00,CUST-5751,24,Female,Fashion,108.65,4,434.6,5,PayPal,3.3,1
TXN-10872,2025-02-06 18:00:00,CUST-3427,47,Male,Fashion,88.85,1,88.85,10,Debit Card,5.0,1
TXN-10873,2025-02-06 19:00:00,CUST-8666,47,Male,Sports,52.64,5,263.2,0,COD,4.6,1
TXN-10874,2025-02-06 20:00:00,CUST-3858,40,Female,Home & Kitchen,67.29,2,134.58,0,PayPal,3.0,1
TXN-10875,2025-02-06 21:00:00,CUST-7168,56,Female,Home & Kitchen,237.95,5,1189.75,0,PayPal,5.0,1
TXN-10876,2025-02-06 22:00:00,CUST-7615,19,Female,Electronics,23.63,1,23.63,5,PayPal,4.3,1
TXN-10877,2025-02-06 23:00:00,CUST-4876,29,Female,Fashion,323.03,1,323.03,0,Credit Card,5.0,1
TXN-10878,2025-02-07 00:00:00,CUST-8234,56,Female,Electronics,31.26,1,31.26,10,UPI/NetBanking,3.8,0
TXN-10879,2025-02-07 01:00:00,CUST-8168,32,Male,Electronics,157.9,2,315.8,0,Credit Card,4.0,0
TXN-10880,2025-02-07 02:00:00,CUST-1544,18,Male,Fashion,82.23,1,82.23,5,PayPal,4.1,0
TXN-10881,2025-02-07 03:00:00,CUST-4399,48,Female,Fashion,210.51,2,421.02,15,UPI/NetBanking,3.4,1
TXN-10882,2025-02-07 04:00:00,CUST-2280,51,Male,Electronics,37.28,5,186.4,10,Credit Card,3.9,0
TXN-10883,2025-02-07 05:00:00,CUST-6863,28,Non-Binary,Electronics,87.8,5,439.0,20,UPI/NetBanking,5.0,0
TXN-10884,2025-02-07 06:00:00,CUST-2816,34,Female,Electronics,61.51,2,123.02,5,PayPal,3.1,1
TXN-10885,2025-02-07 07:00:00,CUST-2021,22,Female,Home & Kitchen,95.04,1,95.04,5,Credit Card,3.9,1
TXN-10886,2025-02-07 08:00:00,CUST-2320,48,Female,Electronics,18.62,1,18.62,5,Credit Card,3.0,1
TXN-10887,2025-02-07 09:00:00,CUST-4731,21,Male,Beauty,33.56,5,167.8,20,PayPal,4.4,1
TXN-10888,2025-02-07 10:00:00,CUST-1854,42,Female,Fashion,62.31,2,124.62,0,Credit Card,4.7,0
TXN-10889,2025-02-07 11:00:00,CUST-1949,23,Female,Electronics,131.98,5,659.9,10,COD,,1
TXN-10890,2025-02-07 12:00:00,CUST-1931,26,Male,Electronics,47.05,5,235.25,10,Credit Card,3.8,1
TXN-10891,2025-02-07 13:00:00,CUST-8843,60,Male,Electronics,81.68,4,326.72,15,Debit Card,4.7,0
TXN-10892,2025-02-07 14:00:00,CUST-7011,36,Female,Electronics,204.95,3,614.85,10,UPI/NetBanking,3.6,1
TXN-10893,2025-02-07 15:00:00,CUST-8966,31,Female,Beauty,77.56,3,232.68,15,Credit Card,4.4,1
TXN-10894,2025-02-07 16:00:00,CUST-8213,47,Female,Electronics,168.84,3,506.52,0,UPI/NetBanking,3.8,0
TXN-10895,2025-02-07 17:00:00,CUST-5572,42,Female,Beauty,56.27,1,56.27,0,UPI/NetBanking,3.2,0
TXN-10896,2025-02-07 18:00:00,CUST-6698,56,Female,Fashion,164.7,3,494.1,15,UPI/NetBanking,4.0,0
TXN-10897,2025-02-07 19:00:00,CUST-8111,68,Female,Home & Kitchen,20.0,1,20.0,10,COD,3.7,1
TXN-10898,2025-02-07 20:00:00,CUST-7944,54,Female,Electronics,289.26,4,1157.04,15,COD,5.0,0
TXN-10899,2025-02-07 21:00:00,CUST-5495,33,Female,Electronics,86.95,1,86.95,10,UPI/NetBanking,4.5,1
TXN-10900,2025-02-07 22:00:00,CUST-3036,60,Male,Electronics,31.74,4,126.96,0,Credit Card,3.0,0
TXN-10901,2025-02-07 23:00:00,CUST-4569,55,Female,Electronics,95.11,3,285.33,25,UPI/NetBanking,4.3,1
TXN-10902,2025-02-08 00:00:00,CUST-4726,27,Female,Home & Kitchen,37.51,1,37.51,0,UPI/NetBanking,3.7,0
TXN-10903,2025-02-08 01:00:00,CUST-4734,63,Non-Binary,Sports,16.38,3,49.14,10,Credit Card,4.8,0
TXN-10904,2025-02-08 02:00:00,CUST-2268,38,Female,Beauty,112.12,1,112.12,10,Debit Card,4.7,0
TXN-10905,2025-02-08 03:00:00,CUST-6902,44,Female,Fashion,257.73,3,773.19,10,Credit Card,5.0,0
TXN-10906,2025-02-08 04:00:00,CUST-4464,50,Female,Home & Kitchen,145.05,3,435.15,20,UPI/NetBanking,3.5,1
TXN-10907,2025-02-08 05:00:00,CUST-3458,59,Male,Electronics,248.02,2,496.04,10,COD,4.1,0
TXN-10908,2025-02-08 06:00:00,CUST-9646,56,Male,Fashion,64.44,3,193.32,0,UPI/NetBanking,3.3,0
TXN-10909,2025-02-08 07:00:00,CUST-6930,38,Female,Electronics,38.44,4,153.76,5,UPI/NetBanking,5.0,1
TXN-10910,2025-02-08 08:00:00,CUST-8355,32,Female,Beauty,26.38,5,131.9,0,COD,3.7,1
TXN-10911,2025-02-08 09:00:00,CUST-5264,39,Male,Electronics,61.45,2,122.9,10,UPI/NetBanking,5.0,0
TXN-10912,2025-02-08 10:00:00,CUST-2979,66,Female,Sports,130.44,2,260.88,20,Debit Card,,0
TXN-10913,2025-02-08 11:00:00,CUST-2196,51,Female,Sports,52.19,4,208.76,10,Credit Card,3.4,0
TXN-10914,2025-02-08 12:00:00,CUST-6515,57,Male,Home & Kitchen,21.51,3,64.53,20,COD,4.2,1
TXN-10915,2025-02-08 13:00:00,CUST-3205,64,Female,Sports,249.48,1,249.48,0,Credit Card,3.5,1
TXN-10916,2025-02-08 14:00:00,CUST-8430,46,Male,Home & Kitchen,42.84,1,42.84,0,UPI/NetBanking,3.4,1
TXN-10917,2025-02-08 15:00:00,CUST-7990,42,Male,Electronics,28.14,2,56.28,5,Credit Card,4.1,0
TXN-10918,2025-02-08 16:00:00,CUST-6690,25,Male,Fashion,36.52,2,73.04,0,COD,4.2,1
TXN-10919,2025-02-08 17:00:00,CUST-3310,53,Female,Beauty,17.36,1,17.36,25,UPI/NetBanking,2.6,0
TXN-10920,2025-02-08 18:00:00,CUST-1422,36,Female,Home & Kitchen,126.95,5,634.75,0,UPI/NetBanking,3.9,0
TXN-10921,2025-02-08 19:00:00,CUST-8082,23,Female,Sports,126.81,1,126.81,25,Debit Card,2.7,0
TXN-10922,2025-02-08 20:00:00,CUST-2218,50,Male,Fashion,128.05,1,128.05,15,Credit Card,2.7,1
TXN-10923,2025-02-08 21:00:00,CUST-6202,53,Female,Beauty,18.08,1,18.08,0,UPI/NetBanking,4.9,0
TXN-10924,2025-02-08 22:00:00,CUST-4205,27,Female,Electronics,73.36,2,146.72,0,Debit Card,4.9,0
TXN-10925,2025-02-08 23:00:00,CUST-2102,57,Male,Electronics,61.03,3,183.09,10,UPI/NetBanking,3.3,0
TXN-10926,2025-02-09 00:00:00,CUST-9691,29,Female,Beauty,191.78,4,767.12,5,UPI/NetBanking,3.6,0
TXN-10927,2025-02-09 01:00:00,CUST-5706,46,Male,Home & Kitchen,25.46,4,101.84,25,PayPal,4.0,0
TXN-10928,2025-02-09 02:00:00,CUST-3098,48,Female,Beauty,93.11,2,186.22,0,Credit Card,4.6,1
TXN-10929,2025-02-09 03:00:00,CUST-6295,38,Male,Beauty,62.07,3,186.21,20,Credit Card,3.6,0
TXN-10930,2025-02-09 04:00:00,CUST-1747,44,Male,Beauty,80.27,1,80.27,20,UPI/NetBanking,4.1,1
TXN-10931,2025-02-09 05:00:00,CUST-7212,63,Male,Fashion,138.46,1,138.46,10,UPI/NetBanking,4.1,0
TXN-10932,2025-02-09 06:00:00,CUST-3572,43,Female,Electronics,152.35,3,457.05,5,Credit Card,4.4,0
TXN-10933,2025-02-09 07:00:00,CUST-9627,43,Female,Electronics,43.29,1,43.29,0,PayPal,4.1,0
TXN-10934,2025-02-09 08:00:00,CUST-3025,42,Female,Electronics,129.67,3,389.01,20,Credit Card,3.9,0
TXN-10935,2025-02-09 09:00:00,CUST-9875,27,Male,Home & Kitchen,57.17,5,285.85,20,PayPal,3.1,1
TXN-10936,2025-02-09 10:00:00,CUST-5950,30,Male,Sports,87.97,4,351.88,0,Credit Card,3.5,1
TXN-10937,2025-02-09 11:00:00,CUST-9736,42,Male,Fashion,57.52,3,172.56,15,PayPal,3.9,1
TXN-10938,2025-02-09 12:00:00,CUST-1407,32,Male,Fashion,24.81,3,74.43,5,Debit Card,4.6,1
TXN-10939,2025-02-09 13:00:00,CUST-9025,23,Male,Home & Kitchen,69.53,5,347.65,15,Credit Card,4.4,1
TXN-10940,2025-02-09 14:00:00,CUST-6535,20,Male,Home & Kitchen,59.35,1,59.35,0,Credit Card,3.4,1
TXN-10941,2025-02-09 15:00:00,CUST-4862,63,Female,Home & Kitchen,129.4,1,129.4,20,UPI/NetBanking,4.3,0
TXN-10942,2025-02-09 16:00:00,CUST-1223,65,Male,Electronics,188.25,1,188.25,0,UPI/NetBanking,4.5,1
TXN-10943,2025-02-09 17:00:00,CUST-9963,18,Male,Fashion,44.62,3,133.86,10,UPI/NetBanking,3.4,1
TXN-10944,2025-02-09 18:00:00,CUST-3318,61,Male,Home & Kitchen,121.54,5,607.7,10,UPI/NetBanking,3.6,1
TXN-10945,2025-02-09 19:00:00,CUST-3217,63,Female,Electronics,60.76,2,121.52,5,COD,,1
TXN-10946,2025-02-09 20:00:00,CUST-4264,52,Male,Electronics,98.36,5,491.8,0,UPI/NetBanking,5.0,0
TXN-10947,2025-02-09 21:00:00,CUST-1231,35,Male,Sports,62.21,3,186.63,5,PayPal,3.3,0
TXN-10948,2025-02-09 22:00:00,CUST-3497,31,Male,Electronics,24.18,5,120.9,10,PayPal,3.8,1
TXN-10949,2025-02-09 23:00:00,CUST-5542,65,Female,Home & Kitchen,69.51,2,139.02,0,Credit Card,5.0,0
TXN-10950,2025-02-10 00:00:00,CUST-8790,38,Male,Sports,27.52,4,110.08,5,UPI/NetBanking,3.8,1
TXN-10951,2025-02-10 01:00:00,CUST-4944,42,Female,Home & Kitchen,52.27,5,261.35,5,Credit Card,4.3,1
TXN-10952,2025-02-10 02:00:00,CUST-5550,45,Female,Fashion,147.24,1,147.24,10,UPI/NetBanking,4.6,0
TXN-10953,2025-02-10 03:00:00,CUST-6991,67,Female,Home & Kitchen,35.44,5,177.2,20,COD,3.1,1
TXN-10954,2025-02-10 04:00:00,CUST-4208,51,Male,Home & Kitchen,48.84,3,146.52,20,UPI/NetBanking,,0
TXN-10955,2025-02-10 05:00:00,CUST-5504,43,Male,Home & Kitchen,39.8,1,39.8,25,Debit Card,5.0,1
TXN-10956,2025-02-10 06:00:00,CUST-8446,48,Female,Home & Kitchen,82.04,1,82.04,0,Credit Card,4.9,1
TXN-10957,2025-02-10 07:00:00,CUST-3156,25,Male,Home & Kitchen,20.47,1,20.47,20,Credit Card,5.0,1
TXN-10958,2025-02-10 08:00:00,CUST-1273,61,Female,Fashion,120.02,5,600.1,15,UPI/NetBanking,,1
TXN-10959,2025-02-10 09:00:00,CUST-7821,60,Male,Electronics,136.76,2,273.52,15,Credit Card,4.1,1
TXN-10960,2025-02-10 10:00:00,CUST-3833,18,Male,Home & Kitchen,25.65,4,102.6,10,PayPal,4.7,1
TXN-10961,2025-02-10 11:00:00,CUST-2904,29,Female,Electronics,91.02,1,91.02,15,PayPal,4.0,1
TXN-10962,2025-02-10 12:00:00,CUST-5042,61,Female,Sports,33.03,2,66.06,5,UPI/NetBanking,4.4,0
TXN-10963,2025-02-10 13:00:00,CUST-6169,30,Male,Electronics,344.51,3,1033.53,10,Credit Card,3.6,1
TXN-10964,2025-02-10 14:00:00,CUST-8367,61,Female,Electronics,168.01,4,672.04,0,UPI/NetBanking,3.9,1
TXN-10965,2025-02-10 15:00:00,CUST-5729,62,Non-Binary,Home & Kitchen,130.53,3,391.59,0,PayPal,4.0,0
TXN-10966,2025-02-10 16:00:00,CUST-4054,47,Female,Fashion,55.35,5,276.75,20,Credit Card,4.2,0
TXN-10967,2025-02-10 17:00:00,CUST-1129,48,Male,Home & Kitchen,23.98,3,71.94,5,UPI/NetBanking,5.0,1
TXN-10968,2025-02-10 18:00:00,CUST-8126,48,Female,Electronics,54.71,3,164.13,5,UPI/NetBanking,4.4,1
TXN-10969,2025-02-10 19:00:00,CUST-4838,50,Male,Fashion,41.68,5,208.4,5,Credit Card,5.0,1
TXN-10970,2025-02-10 20:00:00,CUST-9586,54,Female,Electronics,49.44,1,49.44,25,Credit Card,3.5,1
TXN-10971,2025-02-10 21:00:00,CUST-8515,47,Male,Electronics,197.34,3,592.02,5,Credit Card,3.2,0
TXN-10972,2025-02-10 22:00:00,CUST-7131,,Male,Electronics,82.84,4,331.36,10,COD,4.6,1
TXN-10973,2025-02-10 23:00:00,CUST-4977,24,Male,Fashion,247.68,4,990.72,15,Debit Card,4.1,0
TXN-10974,2025-02-11 00:00:00,CUST-2174,60,Female,Home & Kitchen,36.3,5,181.5,0,Credit Card,3.5,1
TXN-10975,2025-02-11 01:00:00,CUST-1026,66,Male,Electronics,37.22,4,148.88,0,Credit Card,3.7,1
TXN-10976,2025-02-11 02:00:00,CUST-5668,61,Female,Electronics,285.5,4,1142.0,0,UPI/NetBanking,5.0,0
TXN-10977,2025-02-11 03:00:00,CUST-2353,64,Male,Beauty,153.32,1,153.32,0,Credit Card,4.2,1
TXN-10978,2025-02-11 04:00:00,CUST-7581,21,Male,Electronics,100.46,5,502.3,15,COD,4.1,1
TXN-10979,2025-02-11 05:00:00,CUST-6489,41,Male,Electronics,61.9,4,247.6,20,Credit Card,,1
TXN-10980,2025-02-11 06:00:00,CUST-5224,70,Female,Beauty,63.51,4,254.04,0,Credit Card,3.2,1
TXN-10981,2025-02-11 07:00:00,CUST-5134,61,Male,Beauty,81.51,2,163.02,0,UPI/NetBanking,5.0,0
TXN-10982,2025-02-11 08:00:00,CUST-1583,40,Female,Fashion,57.89,2,115.78,0,Credit Card,3.7,0
TXN-10983,2025-02-11 09:00:00,CUST-8504,33,Female,Sports,243.83,5,1219.15,10,Credit Card,3.6,0
TXN-10984,2025-02-11 10:00:00,CUST-2656,64,Male,Sports,132.59,4,530.36,5,Credit Card,4.0,0
TXN-10985,2025-02-11 11:00:00,CUST-8101,68,Male,Electronics,45.71,5,228.55,10,PayPal,3.1,0
TXN-10986,2025-02-11 12:00:00,CUST-8748,45,Male,Home & Kitchen,32.46,5,162.3,10,UPI/NetBanking,4.0,1
TXN-10987,2025-02-11 13:00:00,CUST-1306,60,Male,Electronics,92.69,3,278.07,0,Credit Card,3.7,0
TXN-10988,2025-02-11 14:00:00,CUST-5715,56,Female,Home & Kitchen,100.61,3,301.83,10,UPI/NetBanking,3.9,1
TXN-10989,2025-02-11 15:00:00,CUST-3486,65,Female,Fashion,30.84,4,123.36,0,Credit Card,4.7,1
TXN-10990,2025-02-11 16:00:00,CUST-8971,40,Male,Home & Kitchen,79.1,3,237.3,0,Credit Card,5.0,0
TXN-10991,2025-02-11 17:00:00,CUST-6761,44,Non-Binary,Electronics,323.14,5,1615.7,15,COD,4.4,1
TXN-10992,2025-02-11 18:00:00,CUST-7200,25,Male,Electronics,426.81,5,2134.05,0,Debit Card,5.0,1
TXN-10993,2025-02-11 19:00:00,CUST-6767,44,Female,Electronics,140.11,1,140.11,10,PayPal,4.0,1
TXN-10994,2025-02-11 20:00:00,CUST-9229,43,Male,Fashion,135.19,3,405.57,15,UPI/NetBanking,4.5,1
TXN-10995,2025-02-11 21:00:00,CUST-6473,59,Male,Sports,56.09,4,224.36,25,UPI/NetBanking,4.7,1
TXN-10996,2025-02-11 22:00:00,CUST-3270,50,Non-Binary,Home & Kitchen,126.97,1,126.97,5,Credit Card,3.9,0
TXN-10997,2025-02-11 23:00:00,CUST-7378,30,Female,Electronics,54.15,2,108.3,0,COD,4.3,0
TXN-10998,2025-02-12 00:00:00,CUST-5800,19,Male,Fashion,38.89,5,194.45,5,Credit Card,3.2,1
TXN-10999,2025-02-12 01:00:00,CUST-6427,28,Male,Home & Kitchen,21.15,1,21.15,10,UPI/NetBanking,4.4,1
TXN-11000,2025-02-12 02:00:00,CUST-7313,44,Female,Beauty,80.52,5,402.6,10,UPI/NetBanking,,1
TXN-11001,2025-02-12 03:00:00,CUST-1979,43,Female,Home & Kitchen,18.46,4,73.84,15,UPI/NetBanking,3.9,0
TXN-11002,2025-02-12 04:00:00,CUST-5300,55,Female,Electronics,30.73,4,122.92,10,Credit Card,4.4,1
TXN-11003,2025-02-12 05:00:00,CUST-5333,59,Female,Fashion,119.95,2,239.9,15,Credit Card,3.8,0
TXN-11004,2025-02-12 06:00:00,CUST-5510,66,Male,Fashion,17.23,3,51.69,10,PayPal,4.9,1
TXN-11005,2025-02-12 07:00:00,CUST-5992,46,Female,Electronics,154.04,2,308.08,0,Credit Card,4.1,0
TXN-11006,2025-02-12 08:00:00,CUST-5963,18,Male,Home & Kitchen,131.3,5,656.5,5,UPI/NetBanking,4.1,0
TXN-11007,2025-02-12 09:00:00,CUST-3553,50,Male,Fashion,185.47,4,741.88,10,Debit Card,3.5,1
TXN-11008,2025-02-12 10:00:00,CUST-2060,37,Male,Electronics,94.74,1,94.74,10,UPI/NetBanking,4.3,1
TXN-11009,2025-02-12 11:00:00,CUST-1199,70,Female,Fashion,37.04,2,74.08,5,Credit Card,5.0,0
TXN-11010,2025-02-12 12:00:00,CUST-9761,52,Female,Sports,19.9,5,99.5,10,Credit Card,4.0,0
TXN-11011,2025-02-12 13:00:00,CUST-5015,63,Male,Electronics,94.85,5,474.25,0,PayPal,5.0,0
TXN-11012,2025-02-12 14:00:00,CUST-5960,32,Male,Beauty,70.14,1,70.14,10,PayPal,3.4,1
TXN-11013,2025-02-12 15:00:00,CUST-4218,46,Male,Electronics,81.44,2,162.88,10,Credit Card,,1
TXN-11014,2025-02-12 16:00:00,CUST-2827,46,Female,Electronics,154.29,5,771.45,15,COD,3.7,1
TXN-11015,2025-02-12 17:00:00,CUST-6384,50,Male,Home & Kitchen,41.08,5,205.4,0,Credit Card,4.5,0
TXN-11016,2025-02-12 18:00:00,CUST-8209,66,Female,Fashion,47.68,5,238.4,5,Credit Card,3.7,1
TXN-11017,2025-02-12 19:00:00,CUST-8261,61,Female,Electronics,143.24,2,286.48,0,UPI/NetBanking,4.4,1
TXN-11018,2025-02-12 20:00:00,CUST-2686,57,Male,Home & Kitchen,48.25,2,96.5,15,PayPal,3.9,1
TXN-11019,2025-02-12 21:00:00,CUST-8762,68,Male,Home & Kitchen,37.08,3,111.24,5,Debit Card,3.9,0
TXN-11020,2025-02-12 22:00:00,CUST-6467,65,Male,Fashion,85.42,4,341.68,0,COD,3.4,0
TXN-11021,2025-02-12 23:00:00,CUST-8485,19,Female,Electronics,107.21,3,321.63,0,UPI/NetBanking,4.7,1
TXN-11022,2025-02-13 00:00:00,CUST-6336,65,Male,Electronics,74.42,3,223.26,0,Credit Card,3.1,1
TXN-11023,2025-02-13 01:00:00,CUST-1753,42,Female,Sports,71.74,3,215.22,25,UPI/NetBanking,4.3,0
TXN-11024,2025-02-13 02:00:00,CUST-6614,41,Male,Electronics,69.26,1,69.26,5,PayPal,4.4,0
TXN-11025,2025-02-13 03:00:00,CUST-4276,46,Male,Home & Kitchen,137.3,3,411.9,10,Debit Card,4.5,0
TXN-11026,2025-02-13 04:00:00,CUST-2114,62,Female,Fashion,178.22,4,712.88,15,Credit Card,4.3,0
TXN-11027,2025-02-13 05:00:00,CUST-5243,65,Female,Electronics,102.37,4,409.48,5,UPI/NetBanking,4.9,1
TXN-11028,2025-02-13 06:00:00,CUST-9392,54,Male,Electronics,74.64,3,223.92,15,UPI/NetBanking,3.4,1
TXN-11029,2025-02-13 07:00:00,CUST-2840,69,Female,Beauty,87.52,4,350.08,10,COD,3.3,1
TXN-11030,2025-02-13 08:00:00,CUST-8060,47,Male,Beauty,129.15,3,387.45,0,UPI/NetBanking,3.1,1
TXN-11031,2025-02-13 09:00:00,CUST-8084,43,Female,Electronics,164.73,1,164.73,0,Credit Card,4.0,1
TXN-11032,2025-02-13 10:00:00,CUST-6351,59,Female,Beauty,87.62,3,262.86,20,PayPal,4.3,0
TXN-11033,2025-02-13 11:00:00,CUST-2653,56,Female,Electronics,26.58,3,79.74,25,Credit Card,4.6,0
TXN-11034,2025-02-13 12:00:00,CUST-4421,28,Male,Electronics,249.06,2,498.12,15,Credit Card,4.5,1
TXN-11035,2025-02-13 13:00:00,CUST-1416,65,Female,Electronics,19.29,4,77.16,5,Credit Card,4.1,1
TXN-11036,2025-02-13 14:00:00,CUST-2521,50,Female,Home & Kitchen,26.03,2,52.06,0,UPI/NetBanking,4.2,0
TXN-11037,2025-02-13 15:00:00,CUST-2487,41,Male,Fashion,261.38,1,261.38,0,Debit Card,3.6,1
TXN-11038,2025-02-13 16:00:00,CUST-6811,37,Female,Fashion,175.02,3,525.06,0,PayPal,4.7,0
TXN-11039,2025-02-13 17:00:00,CUST-5500,38,Male,Beauty,31.59,1,31.59,0,Credit Card,2.9,1
TXN-11040,2025-02-13 18:00:00,CUST-2002,31,Female,Home & Kitchen,54.5,4,218.0,15,UPI/NetBanking,3.8,1
TXN-11041,2025-02-13 19:00:00,CUST-3975,25,Female,Electronics,34.4,4,137.6,10,COD,4.2,0
TXN-11042,2025-02-13 20:00:00,CUST-1423,48,Male,Beauty,223.12,1,223.12,10,PayPal,4.4,0
TXN-11043,2025-02-13 21:00:00,CUST-4648,22,Male,Fashion,363.2,5,1816.0,5,Debit Card,4.5,0
TXN-11044,2025-02-13 22:00:00,CUST-8802,34,Male,Home & Kitchen,53.68,5,268.4,10,Credit Card,4.6,0
TXN-11045,2025-02-13 23:00:00,CUST-9433,27,Male,Electronics,23.46,4,93.84,0,UPI/NetBanking,3.4,0
TXN-11046,2025-02-14 00:00:00,CUST-5933,47,Female,Fashion,88.17,3,264.51,15,Credit Card,3.7,1
TXN-11047,2025-02-14 01:00:00,CUST-1560,69,Male,Electronics,33.74,2,67.48,0,UPI/NetBanking,3.4,0
TXN-11048,2025-02-14 02:00:00,CUST-7500,54,Female,Beauty,32.68,5,163.4,5,COD,4.1,1
TXN-11049,2025-02-14 03:00:00,CUST-9429,39,Non-Binary,Electronics,50.45,4,201.8,15,UPI/NetBanking,5.0,1
TXN-11050,2025-02-14 04:00:00,CUST-9504,68,Male,Home & Kitchen,299.36,2,598.72,0,COD,5.0,0
TXN-11051,2025-02-14 05:00:00,CUST-6695,45,Female,Sports,303.15,5,1515.75,0,Debit Card,5.0,1
TXN-11052,2025-02-14 06:00:00,CUST-3321,32,Female,Electronics,131.02,5,655.1,10,Credit Card,3.0,0
TXN-11053,2025-02-14 07:00:00,CUST-4775,51,Male,Electronics,111.96,5,559.8,0,COD,4.0,1
TXN-11054,2025-02-14 08:00:00,CUST-7947,35,Male,Sports,58.54,4,234.16,20,COD,3.8,1
TXN-11055,2025-02-14 09:00:00,CUST-1005,63,Female,Fashion,232.99,5,1164.95,10,Credit Card,4.3,0
TXN-11056,2025-02-14 10:00:00,CUST-8879,66,Non-Binary,Sports,340.77,4,1363.08,15,UPI/NetBanking,4.7,0
TXN-11057,2025-02-14 11:00:00,CUST-5525,43,Male,Home & Kitchen,260.52,2,521.04,0,Credit Card,5.0,0
TXN-11058,2025-02-14 12:00:00,CUST-2921,51,Male,Home & Kitchen,69.14,4,276.56,0,Credit Card,3.9,1
TXN-11059,2025-02-14 13:00:00,CUST-6593,20,Male,Beauty,25.18,4,100.72,5,Credit Card,4.3,1
TXN-11060,2025-02-14 14:00:00,CUST-8983,32,Female,Electronics,126.85,5,634.25,20,Credit Card,3.1,1
TXN-11061,2025-02-14 15:00:00,CUST-1928,67,Male,Home & Kitchen,42.44,3,127.32,10,Credit Card,4.2,0
TXN-11062,2025-02-14 16:00:00,CUST-6843,24,Female,Fashion,89.92,2,179.84,10,PayPal,4.4,1
TXN-11063,2025-02-14 17:00:00,CUST-7157,60,Male,Home & Kitchen,90.86,1,90.86,10,Credit Card,3.1,0
TXN-11064,2025-02-14 18:00:00,CUST-7911,63,Female,Fashion,146.9,4,587.6,10,UPI/NetBanking,4.6,1
TXN-11065,2025-02-14 19:00:00,CUST-1420,29,Male,Sports,23.84,4,95.36,15,PayPal,3.3,0
TXN-11066,2025-02-14 20:00:00,CUST-6636,33,Male,Beauty,48.35,3,145.05,15,Credit Card,4.9,1
TXN-11067,2025-02-14 21:00:00,CUST-6710,29,Female,Beauty,49.52,5,247.6,10,Debit Card,3.4,0
TXN-11068,2025-02-14 22:00:00,CUST-6010,64,Male,Fashion,97.65,2,195.3,15,Credit Card,3.6,1
TXN-11069,2025-02-14 23:00:00,CUST-6922,28,Male,Electronics,89.11,5,445.55,15,UPI/NetBanking,4.3,1
TXN-11070,2025-02-15 00:00:00,CUST-7520,22,Male,Electronics,92.45,4,369.8,20,Credit Card,4.0,0
TXN-11071,2025-02-15 01:00:00,CUST-5815,23,Male,Electronics,163.7,2,327.4,10,PayPal,4.5,1
TXN-11072,2025-02-15 02:00:00,CUST-4587,32,Male,Beauty,28.35,3,85.05,0,Credit Card,4.6,1
TXN-11073,2025-02-15 03:00:00,CUST-4149,51,Female,Home & Kitchen,201.55,4,806.2,15,PayPal,3.6,1
TXN-11074,2025-02-15 04:00:00,CUST-5318,41,Female,Sports,47.8,3,143.4,0,PayPal,4.7,1
TXN-11075,2025-02-15 05:00:00,CUST-3109,68,Non-Binary,Home & Kitchen,80.15,1,80.15,15,UPI/NetBanking,3.2,1
TXN-11076,2025-02-15 06:00:00,CUST-4669,54,Female,Fashion,63.96,5,319.8,5,COD,3.4,0
TXN-11077,2025-02-15 07:00:00,CUST-6695,63,Male,Home & Kitchen,20.75,3,62.25,10,COD,3.9,1
TXN-11078,2025-02-15 08:00:00,CUST-9041,66,Female,Sports,35.6,4,142.4,5,PayPal,4.3,1
TXN-11079,2025-02-15 09:00:00,CUST-7670,52,Non-Binary,Home & Kitchen,183.8,5,919.0,0,PayPal,5.0,1
TXN-11080,2025-02-15 10:00:00,CUST-2163,51,Male,Electronics,33.4,5,167.0,15,COD,5.0,1
TXN-11081,2025-02-15 11:00:00,CUST-6436,43,Female,Sports,56.66,4,226.64,5,UPI/NetBanking,4.5,0
TXN-11082,2025-02-15 12:00:00,CUST-6098,63,Male,Electronics,23.09,3,69.27,5,Credit Card,3.8,1
TXN-11083,2025-02-15 13:00:00,CUST-9583,56,Male,Home & Kitchen,112.57,1,112.57,0,COD,3.7,0
TXN-11084,2025-02-15 14:00:00,CUST-7303,69,Female,Home & Kitchen,181.73,2,363.46,0,UPI/NetBanking,4.3,1
TXN-11085,2025-02-15 15:00:00,CUST-3534,54,Male,Fashion,174.0,2,348.0,10,Debit Card,4.8,1
TXN-11086,2025-02-15 16:00:00,CUST-9807,68,Female,Beauty,46.75,3,140.25,0,PayPal,4.4,0
TXN-11087,2025-02-15 17:00:00,CUST-3543,39,Female,Sports,82.49,4,329.96,15,COD,4.5,0
TXN-11088,2025-02-15 18:00:00,CUST-5034,33,Non-Binary,Fashion,149.31,1,149.31,5,COD,4.8,1
TXN-11089,2025-02-15 19:00:00,CUST-2618,23,Female,Fashion,78.7,5,393.5,15,UPI/NetBanking,2.8,1
TXN-11090,2025-02-15 20:00:00,CUST-5629,46,Female,Electronics,98.67,4,394.68,5,Credit Card,,0
TXN-11091,2025-02-15 21:00:00,CUST-8931,37,Female,Beauty,43.78,1,43.78,10,Credit Card,3.9,1
TXN-11092,2025-02-15 22:00:00,CUST-9893,38,Female,Fashion,19.11,3,57.33,5,UPI/NetBanking,5.0,1
TXN-11093,2025-02-15 23:00:00,CUST-8107,51,Female,Fashion,112.15,1,112.15,20,Credit Card,5.0,0
TXN-11094,2025-02-16 00:00:00,CUST-4335,54,Female,Electronics,231.93,2,463.86,20,Credit Card,3.5,1
TXN-11095,2025-02-16 01:00:00,CUST-6419,42,Female,Fashion,169.6,1,169.6,0,UPI/NetBanking,4.1,1
TXN-11096,2025-02-16 02:00:00,CUST-6074,59,Female,Electronics,114.63,4,458.52,15,UPI/NetBanking,5.0,0
TXN-11097,2025-02-16 03:00:00,CUST-8998,18,Female,Fashion,116.21,4,464.84,0,PayPal,4.5,1
TXN-11098,2025-02-16 04:00:00,CUST-2089,38,Male,Home & Kitchen,279.19,4,1116.76,0,Credit Card,4.5,0
TXN-11099,2025-02-16 05:00:00,CUST-2956,30,Female,Home & Kitchen,73.57,2,147.14,10,Credit Card,4.3,0
TXN-11100,2025-02-16 06:00:00,CUST-2369,69,Male,Fashion,54.39,2,108.78,5,PayPal,4.3,1
TXN-11101,2025-02-16 07:00:00,CUST-4096,64,Male,Home & Kitchen,267.27,3,801.81,20,Credit Card,2.7,0
TXN-11102,2025-02-16 08:00:00,CUST-7226,36,Female,Electronics,98.87,3,296.61,10,UPI/NetBanking,4.6,0
TXN-11103,2025-02-16 09:00:00,CUST-5026,36,Female,Electronics,297.98,1,297.98,0,Credit Card,5.0,1
TXN-11104,2025-02-16 10:00:00,CUST-6270,27,Female,Home & Kitchen,15.5,1,15.5,10,Debit Card,4.3,0
TXN-11105,2025-02-16 11:00:00,CUST-4678,20,Female,Electronics,103.96,4,415.84,20,UPI/NetBanking,3.6,1
TXN-11106,2025-02-16 12:00:00,CUST-9037,40,Non-Binary,Home & Kitchen,70.44,2,140.88,5,Debit Card,3.7,0
TXN-11107,2025-02-16 13:00:00,CUST-3856,42,Non-Binary,Beauty,54.01,1,54.01,5,Credit Card,3.0,1
TXN-11108,2025-02-16 14:00:00,CUST-7590,58,Male,Sports,61.47,4,245.88,5,UPI/NetBanking,5.0,1
TXN-11109,2025-02-16 15:00:00,CUST-6534,43,Male,Fashion,39.0,2,78.0,10,COD,4.3,1
TXN-11110,2025-02-16 16:00:00,CUST-7688,37,Male,Electronics,24.78,4,99.12,5,Debit Card,3.5,1
TXN-11111,2025-02-16 17:00:00,CUST-1833,39,Female,Electronics,56.22,5,281.1,5,COD,,0
TXN-11112,2025-02-16 18:00:00,CUST-3823,65,Female,Beauty,102.13,5,510.65,15,Credit Card,2.8,0
TXN-11113,2025-02-16 19:00:00,CUST-8973,66,Female,Home & Kitchen,192.38,1,192.38,15,Credit Card,,1
TXN-11114,2025-02-16 20:00:00,CUST-1864,23,Male,Sports,34.29,2,68.58,25,Credit Card,4.5,1
TXN-11115,2025-02-16 21:00:00,CUST-6169,46,Male,Home & Kitchen,44.08,1,44.08,15,Credit Card,4.4,1
TXN-11116,2025-02-16 22:00:00,CUST-7712,53,Female,Home & Kitchen,43.07,2,86.14,25,PayPal,4.5,1
TXN-11117,2025-02-16 23:00:00,CUST-1645,42,Male,Fashion,138.87,5,694.35,10,Debit Card,3.8,1
TXN-11118,2025-02-17 00:00:00,CUST-9057,54,Male,Fashion,22.55,3,67.65,0,Credit Card,4.0,0
TXN-11119,2025-02-17 01:00:00,CUST-3449,68,Non-Binary,Electronics,100.49,3,301.47,15,COD,3.2,0
TXN-11120,2025-02-17 02:00:00,CUST-7844,41,Female,Electronics,42.95,5,214.75,20,Credit Card,3.4,0
TXN-11121,2025-02-17 03:00:00,CUST-4912,34,Male,Fashion,18.51,4,74.04,10,Credit Card,5.0,0
TXN-11122,2025-02-17 04:00:00,CUST-1314,30,Female,Fashion,18.11,3,54.33,10,Credit Card,3.0,1
TXN-11123,2025-02-17 05:00:00,CUST-7955,39,Male,Fashion,40.78,2,81.56,5,Credit Card,4.5,1
TXN-11124,2025-02-17 06:00:00,CUST-6220,25,Male,Electronics,137.04,2,274.08,0,UPI/NetBanking,4.1,1
TXN-11125,2025-02-17 07:00:00,CUST-2431,18,Female,Home & Kitchen,50.47,5,252.35,0,UPI/NetBanking,5.0,0
TXN-11126,2025-02-17 08:00:00,CUST-2733,21,Female,Electronics,131.51,1,131.51,0,PayPal,4.0,1
TXN-11127,2025-02-17 09:00:00,CUST-4818,63,Male,Fashion,79.06,4,316.24,15,PayPal,4.0,1
TXN-11128,2025-02-17 10:00:00,CUST-2003,50,Male,Electronics,33.73,2,67.46,20,UPI/NetBanking,3.4,0
TXN-11129,2025-02-17 11:00:00,CUST-2241,38,Female,Electronics,57.67,5,288.35,0,UPI/NetBanking,4.3,0
TXN-11130,2025-02-17 12:00:00,CUST-4944,59,Female,Home & Kitchen,43.09,2,86.18,0,Credit Card,4.7,1
TXN-11131,2025-02-17 13:00:00,CUST-8046,66,Female,Fashion,336.26,1,336.26,5,PayPal,3.9,1
TXN-11132,2025-02-17 14:00:00,CUST-5299,38,Male,Home & Kitchen,70.66,4,282.64,5,UPI/NetBanking,3.3,1
TXN-11133,2025-02-17 15:00:00,CUST-4737,20,Female,Fashion,195.2,3,585.6,20,Debit Card,2.7,1
TXN-11134,2025-02-17 16:00:00,CUST-3327,42,Male,Electronics,27.76,3,83.28,5,Debit Card,4.5,0
TXN-11135,2025-02-17 17:00:00,CUST-8116,60,Female,Electronics,263.16,2,526.32,0,UPI/NetBanking,4.1,0
TXN-11136,2025-02-17 18:00:00,CUST-5972,53,Male,Electronics,94.35,4,377.4,5,COD,4.3,1
TXN-11137,2025-02-17 19:00:00,CUST-1979,24,Male,Fashion,70.05,3,210.15,0,UPI/NetBanking,4.4,1
TXN-11138,2025-02-17 20:00:00,CUST-3598,37,Female,Fashion,26.04,2,52.08,10,Credit Card,5.0,1
TXN-11139,2025-02-17 21:00:00,CUST-3099,48,Male,Fashion,60.86,2,121.72,20,PayPal,5.0,1
TXN-11140,2025-02-17 22:00:00,CUST-8801,53,Male,Beauty,116.87,2,233.74,25,PayPal,3.6,1
TXN-11141,2025-02-17 23:00:00,CUST-4883,33,Female,Fashion,16.66,5,83.3,20,UPI/NetBanking,3.8,1
TXN-11142,2025-02-18 00:00:00,CUST-5358,42,Female,Beauty,42.48,2,84.96,5,PayPal,5.0,0
TXN-11143,2025-02-18 01:00:00,CUST-1050,70,Female,Home & Kitchen,145.14,3,435.42,5,Credit Card,4.6,0
TXN-11144,2025-02-18 02:00:00,CUST-2972,21,Female,Electronics,151.31,3,453.93,0,UPI/NetBanking,5.0,1
TXN-11145,2025-02-18 03:00:00,CUST-5885,27,Male,Electronics,102.79,4,411.16,0,UPI/NetBanking,4.8,1
TXN-11146,2025-02-18 04:00:00,CUST-8276,24,Female,Fashion,33.73,5,168.65,5,Credit Card,5.0,1
TXN-11147,2025-02-18 05:00:00,CUST-3030,38,Female,Fashion,47.19,4,188.76,10,UPI/NetBanking,3.7,1
TXN-11148,2025-02-18 06:00:00,CUST-1565,38,Female,Home & Kitchen,197.56,1,197.56,15,PayPal,4.6,1
TXN-11149,2025-02-18 07:00:00,CUST-3292,51,Male,Home & Kitchen,23.19,3,69.57,25,Credit Card,4.2,1
TXN-11150,2025-02-18 08:00:00,CUST-9596,68,Male,Electronics,162.11,2,324.22,5,Credit Card,3.4,0
TXN-11151,2025-02-18 09:00:00,CUST-4920,61,Female,Electronics,172.32,2,344.64,5,Credit Card,5.0,0
TXN-11152,2025-02-18 10:00:00,CUST-6234,66,Female,Fashion,75.68,3,227.04,5,PayPal,3.7,1
TXN-11153,2025-02-18 11:00:00,CUST-1657,20,Male,Home & Kitchen,15.61,1,15.61,10,UPI/NetBanking,4.4,1
TXN-11154,2025-02-18 12:00:00,CUST-5610,41,Female,Electronics,34.14,5,170.7,0,Credit Card,4.6,0
TXN-11155,2025-02-18 13:00:00,CUST-5675,46,Female,Home & Kitchen,75.95,4,303.8,0,Credit Card,5.0,0
TXN-11156,2025-02-18 14:00:00,CUST-5892,61,Male,Home & Kitchen,45.73,4,182.92,0,UPI/NetBanking,5.0,1
TXN-11157,2025-02-18 15:00:00,CUST-5134,19,Male,Electronics,31.96,3,95.88,0,COD,3.3,1
TXN-11158,2025-02-18 16:00:00,CUST-3707,48,Female,Electronics,382.72,2,765.44,0,Credit Card,,0
TXN-11159,2025-02-18 17:00:00,CUST-1819,35,Female,Fashion,55.83,5,279.15,25,Credit Card,5.0,1
TXN-11160,2025-02-18 18:00:00,CUST-7933,41,Male,Fashion,16.93,1,16.93,20,Credit Card,5.0,1
TXN-11161,2025-02-18 19:00:00,CUST-4353,58,Female,Home & Kitchen,17.62,4,70.48,0,Credit Card,3.6,1
TXN-11162,2025-02-18 20:00:00,CUST-5475,62,Female,Electronics,115.05,2,230.1,0,PayPal,,1
TXN-11163,2025-02-18 21:00:00,CUST-8630,18,Female,Electronics,20.53,3,61.59,15,PayPal,4.1,1
TXN-11164,2025-02-18 22:00:00,CUST-4081,46,Female,Sports,18.84,5,94.2,15,UPI/NetBanking,5.0,1
TXN-11165,2025-02-18 23:00:00,CUST-4793,65,Male,Fashion,92.47,4,369.88,15,UPI/NetBanking,5.0,1
TXN-11166,2025-02-19 00:00:00,CUST-6254,40,Male,Home & Kitchen,54.56,3,163.68,15,Credit Card,3.5,1
TXN-11167,2025-02-19 01:00:00,CUST-9884,45,Male,Electronics,27.59,3,82.77,10,UPI/NetBanking,3.6,0
TXN-11168,2025-02-19 02:00:00,CUST-3376,52,Female,Home & Kitchen,176.88,5,884.4,0,Debit Card,2.9,1
TXN-11169,2025-02-19 03:00:00,CUST-2339,25,Non-Binary,Fashion,77.31,5,386.55,0,COD,4.5,1
TXN-11170,2025-02-19 04:00:00,CUST-6486,38,Female,Beauty,82.58,4,330.32,10,Debit Card,4.6,0
TXN-11171,2025-02-19 05:00:00,CUST-7684,24,Male,Home & Kitchen,29.39,2,58.78,15,Debit Card,4.5,1
TXN-11172,2025-02-19 06:00:00,CUST-6022,43,Male,Electronics,101.43,2,202.86,0,Credit Card,3.4,0
TXN-11173,2025-02-19 07:00:00,CUST-2168,46,Female,Fashion,52.6,4,210.4,0,UPI/NetBanking,3.8,1
TXN-11174,2025-02-19 08:00:00,CUST-8838,55,Male,Fashion,17.72,3,53.16,5,Credit Card,4.6,1
TXN-11175,2025-02-19 09:00:00,CUST-9831,45,Female,Home & Kitchen,51.75,4,207.0,25,UPI/NetBanking,4.2,0
TXN-11176,2025-02-19 10:00:00,CUST-2508,64,Female,Home & Kitchen,23.39,4,93.56,15,Credit Card,3.9,0
TXN-11177,2025-02-19 11:00:00,CUST-6075,63,Female,Electronics,59.94,1,59.94,10,UPI/NetBanking,5.0,0
TXN-11178,2025-02-19 12:00:00,CUST-3969,62,Female,Beauty,80.21,1,80.21,0,Credit Card,4.3,0
TXN-11179,2025-02-19 13:00:00,CUST-8401,28,Male,Home & Kitchen,62.29,2,124.58,25,Credit Card,4.2,1
TXN-11180,2025-02-19 14:00:00,CUST-3893,20,Male,Electronics,185.57,5,927.85,15,Credit Card,4.9,1
TXN-11181,2025-02-19 15:00:00,CUST-2902,26,Male,Sports,94.0,1,94.0,5,UPI/NetBanking,5.0,1
TXN-11182,2025-02-19 16:00:00,CUST-9904,48,Male,Fashion,117.92,1,117.92,0,Credit Card,4.3,0
TXN-11183,2025-02-19 17:00:00,CUST-7575,33,Female,Beauty,25.96,2,51.92,0,Credit Card,3.7,1
TXN-11184,2025-02-19 18:00:00,CUST-8829,68,Female,Home & Kitchen,25.47,1,25.47,0,Credit Card,3.5,1
TXN-11185,2025-02-19 19:00:00,CUST-1183,50,Female,Electronics,108.19,5,540.95,10,Credit Card,4.0,1
TXN-11186,2025-02-19 20:00:00,CUST-4498,48,Male,Electronics,31.09,5,155.45,10,UPI/NetBanking,4.7,0
TXN-11187,2025-02-19 21:00:00,CUST-3080,27,Female,Electronics,76.22,1,76.22,10,Credit Card,4.6,0
TXN-11188,2025-02-19 22:00:00,CUST-5300,66,Male,Beauty,143.95,1,143.95,0,PayPal,3.6,1
TXN-11189,2025-02-19 23:00:00,CUST-4681,26,Male,Sports,75.56,4,302.24,10,PayPal,3.7,1
TXN-11190,2025-02-20 00:00:00,CUST-8090,44,Male,Electronics,203.9,2,407.8,15,Credit Card,3.9,0
TXN-11191,2025-02-20 01:00:00,CUST-6594,52,Female,Sports,179.36,4,717.44,10,UPI/NetBanking,3.8,1
TXN-11192,2025-02-20 02:00:00,CUST-3248,23,Female,Sports,79.67,5,398.35,10,Credit Card,3.2,0
TXN-11193,2025-02-20 03:00:00,CUST-5734,32,Male,Sports,217.09,5,1085.45,0,COD,3.7,0
TXN-11194,2025-02-20 04:00:00,CUST-7944,30,Female,Beauty,27.75,3,83.25,0,PayPal,5.0,1
TXN-11195,2025-02-20 05:00:00,CUST-4349,55,Female,Electronics,124.04,3,372.12,10,Credit Card,4.4,1
TXN-11196,2025-02-20 06:00:00,CUST-9142,43,Female,Electronics,86.38,5,431.9,5,Credit Card,3.8,0
TXN-11197,2025-02-20 07:00:00,CUST-7169,43,Male,Electronics,246.2,4,984.8,5,COD,4.0,0
TXN-11198,2025-02-20 08:00:00,CUST-1835,58,Non-Binary,Home & Kitchen,69.99,4,279.96,5,Credit Card,5.0,1
TXN-11199,2025-02-20 09:00:00,CUST-1892,22,Male,Fashion,41.57,1,41.57,20,PayPal,4.9,0
TXN-11200,2025-02-20 10:00:00,CUST-6531,64,Male,Fashion,37.27,5,186.35,10,PayPal,3.6,0
TXN-11201,2025-02-20 11:00:00,CUST-4872,53,Female,Beauty,31.03,4,124.12,0,UPI/NetBanking,5.0,1
TXN-11202,2025-02-20 12:00:00,CUST-5419,25,Male,Beauty,36.23,4,144.92,10,Debit Card,4.8,0
TXN-11203,2025-02-20 13:00:00,CUST-1051,37,Male,Beauty,176.02,4,704.08,0,Credit Card,4.0,1
TXN-11204,2025-02-20 14:00:00,CUST-7299,66,Male,Fashion,41.95,4,167.8,5,Debit Card,3.5,0
TXN-11205,2025-02-20 15:00:00,CUST-9315,46,Female,Fashion,118.32,5,591.6,15,PayPal,3.8,0
TXN-11206,2025-02-20 16:00:00,CUST-5491,36,Female,Fashion,193.63,1,193.63,10,UPI/NetBanking,4.5,0
TXN-11207,2025-02-20 17:00:00,CUST-1358,40,Male,Electronics,63.72,4,254.88,20,Credit Card,4.3,1
TXN-11208,2025-02-20 18:00:00,CUST-8840,32,Female,Home & Kitchen,92.69,2,185.38,15,COD,4.9,1
TXN-11209,2025-02-20 19:00:00,CUST-2474,28,Male,Home & Kitchen,19.37,1,19.37,10,Credit Card,4.7,1
TXN-11210,2025-02-20 20:00:00,CUST-4047,37,Male,Electronics,189.61,5,948.05,0,PayPal,4.8,1
TXN-11211,2025-02-20 21:00:00,CUST-3882,48,Female,Beauty,37.91,2,75.82,10,Credit Card,4.1,1
TXN-11212,2025-02-20 22:00:00,CUST-8578,41,Female,Electronics,243.69,2,487.38,15,Credit Card,5.0,0
TXN-11213,2025-02-20 23:00:00,CUST-1339,21,Male,Electronics,68.82,2,137.64,0,UPI/NetBanking,4.4,1
TXN-11214,2025-02-21 00:00:00,CUST-2800,28,Female,Beauty,20.9,4,83.6,0,Credit Card,3.4,1
TXN-11215,2025-02-21 01:00:00,CUST-7471,64,Male,Fashion,293.2,5,1466.0,5,UPI/NetBanking,4.2,1
TXN-11216,2025-02-21 02:00:00,CUST-7679,49,Male,Electronics,21.48,3,64.44,15,Credit Card,3.0,0
TXN-11217,2025-02-21 03:00:00,CUST-5907,38,Female,Beauty,35.64,2,71.28,5,UPI/NetBanking,5.0,0
TXN-11218,2025-02-21 04:00:00,CUST-3331,,Male,Fashion,71.7,4,286.8,15,UPI/NetBanking,5.0,0
TXN-11219,2025-02-21 05:00:00,CUST-1841,27,Female,Sports,44.76,1,44.76,5,COD,4.4,0
TXN-11220,2025-02-21 06:00:00,CUST-9397,20,Female,Beauty,70.5,3,211.5,5,Credit Card,4.0,0
TXN-11221,2025-02-21 07:00:00,CUST-2659,63,Female,Electronics,75.55,5,377.75,5,UPI/NetBanking,3.7,0
TXN-11222,2025-02-21 08:00:00,CUST-7028,51,Female,Beauty,135.77,4,543.08,15,Credit Card,3.8,1
TXN-11223,2025-02-21 09:00:00,CUST-9289,27,Female,Fashion,106.85,4,427.4,15,UPI/NetBanking,4.2,1
TXN-11224,2025-02-21 10:00:00,CUST-5518,20,Male,Electronics,27.13,4,108.52,10,UPI/NetBanking,3.7,0
TXN-11225,2025-02-21 11:00:00,CUST-9962,31,Male,Electronics,181.42,3,544.26,15,PayPal,4.6,1
TXN-11226,2025-02-21 12:00:00,CUST-2871,47,Female,Fashion,125.64,3,376.92,20,COD,4.0,1
TXN-11227,2025-02-21 13:00:00,CUST-6416,38,Female,Home & Kitchen,168.34,5,841.7,10,Credit Card,4.6,0
TXN-11228,2025-02-21 14:00:00,CUST-8919,50,Male,Sports,418.4,1,418.4,25,Credit Card,3.9,0
TXN-11229,2025-02-21 15:00:00,CUST-3424,68,Male,Sports,68.06,2,136.12,20,PayPal,3.6,1
TXN-11230,2025-02-21 16:00:00,CUST-5900,28,Female,Sports,107.42,3,322.26,20,Credit Card,4.6,1
TXN-11231,2025-02-21 17:00:00,CUST-7786,19,Male,Fashion,46.3,4,185.2,20,UPI/NetBanking,3.6,1
TXN-11232,2025-02-21 18:00:00,CUST-5693,69,Male,Electronics,48.68,4,194.72,20,Credit Card,3.8,1
TXN-11233,2025-02-21 19:00:00,CUST-3458,49,Female,Sports,149.12,2,298.24,25,Credit Card,5.0,0
TXN-11234,2025-02-21 20:00:00,CUST-6853,23,Male,Beauty,49.06,1,49.06,25,Credit Card,5.0,0
TXN-11235,2025-02-21 21:00:00,CUST-4149,43,Female,Fashion,41.44,3,124.32,10,UPI/NetBanking,4.1,1
TXN-11236,2025-02-21 22:00:00,CUST-5259,67,Female,Electronics,94.27,3,282.81,0,Debit Card,4.5,1
TXN-11237,2025-02-21 23:00:00,CUST-8413,50,Male,Home & Kitchen,158.26,4,633.04,15,Credit Card,4.0,0
TXN-11238,2025-02-22 00:00:00,CUST-3436,20,Male,Home & Kitchen,25.65,1,25.65,25,Credit Card,4.8,0
TXN-11239,2025-02-22 01:00:00,CUST-6451,55,Male,Fashion,59.83,5,299.15,15,Credit Card,5.0,0
TXN-11240,2025-02-22 02:00:00,CUST-7402,22,Male,Beauty,153.36,4,613.44,0,UPI/NetBanking,3.6,0
TXN-11241,2025-02-22 03:00:00,CUST-6301,70,Male,Sports,61.65,3,184.95,25,PayPal,4.8,0
TXN-11242,2025-02-22 04:00:00,CUST-5105,49,Female,Fashion,18.65,2,37.3,0,UPI/NetBanking,5.0,1
TXN-11243,2025-02-22 05:00:00,CUST-3957,67,Male,Fashion,50.7,5,253.5,5,Credit Card,4.6,0
TXN-11244,2025-02-22 06:00:00,CUST-6447,65,Female,Electronics,57.11,5,285.55,25,UPI/NetBanking,3.5,1
TXN-11245,2025-02-22 07:00:00,CUST-1645,64,Female,Electronics,503.03,4,2012.12,0,Credit Card,3.3,1
TXN-11246,2025-02-22 08:00:00,CUST-7836,56,Female,Sports,168.05,2,336.1,5,Credit Card,3.3,0
TXN-11247,2025-02-22 09:00:00,CUST-4759,55,Male,Electronics,79.31,1,79.31,0,Debit Card,4.4,0
TXN-11248,2025-02-22 10:00:00,CUST-5483,52,Female,Electronics,187.47,3,562.41,15,PayPal,4.2,1
TXN-11249,2025-02-22 11:00:00,CUST-9750,36,Female,Beauty,235.89,4,943.56,10,Credit Card,4.5,0
TXN-11250,2025-02-22 12:00:00,CUST-5023,19,Male,Sports,126.61,2,253.22,10,PayPal,5.0,1
TXN-11251,2025-02-22 13:00:00,CUST-4343,41,Male,Sports,46.48,5,232.4,10,UPI/NetBanking,4.4,1
TXN-11252,2025-02-22 14:00:00,CUST-4924,67,Female,Sports,300.3,1,300.3,15,Credit Card,4.5,1
TXN-11253,2025-02-22 15:00:00,CUST-9758,25,Female,Home & Kitchen,145.85,3,437.55,15,UPI/NetBanking,4.8,1
TXN-11254,2025-02-22 16:00:00,CUST-2415,28,Male,Electronics,158.53,5,792.65,0,COD,5.0,0
TXN-11255,2025-02-22 17:00:00,CUST-6573,68,Female,Electronics,76.06,4,304.24,0,Credit Card,4.4,0
TXN-11256,2025-02-22 18:00:00,CUST-4715,67,Female,Beauty,56.64,3,169.92,0,Credit Card,3.1,0
TXN-11257,2025-02-22 19:00:00,CUST-6823,,Female,Fashion,50.15,1,50.15,25,Debit Card,4.7,1
TXN-11258,2025-02-22 20:00:00,CUST-2908,48,Female,Sports,125.01,3,375.03,0,Debit Card,3.4,1
TXN-11259,2025-02-22 21:00:00,CUST-5031,70,Male,Electronics,24.58,3,73.74,10,COD,5.0,0
TXN-11260,2025-02-22 22:00:00,CUST-7750,51,Male,Fashion,129.05,4,516.2,0,COD,1.8,1
TXN-11261,2025-02-22 23:00:00,CUST-3251,56,Female,Electronics,25.23,3,75.69,15,Credit Card,3.4,0
TXN-11262,2025-02-23 00:00:00,CUST-1804,66,Female,Fashion,181.67,5,908.35,20,Debit Card,3.8,1
TXN-11263,2025-02-23 01:00:00,CUST-5874,43,Female,Electronics,228.46,4,913.84,0,Credit Card,4.4,1
TXN-11264,2025-02-23 02:00:00,CUST-1065,48,Male,Beauty,59.27,1,59.27,0,UPI/NetBanking,4.4,1
TXN-11265,2025-02-23 03:00:00,CUST-2343,29,Female,Home & Kitchen,186.28,1,186.28,5,PayPal,4.1,1
TXN-11266,2025-02-23 04:00:00,CUST-4909,18,Female,Beauty,88.07,2,176.14,5,Credit Card,2.9,1
TXN-11267,2025-02-23 05:00:00,CUST-7364,51,Male,Electronics,324.32,4,1297.28,20,Credit Card,4.4,1
TXN-11268,2025-02-23 06:00:00,CUST-9153,,Male,Home & Kitchen,131.75,2,263.5,10,Debit Card,3.9,1
TXN-11269,2025-02-23 07:00:00,CUST-5076,20,Male,Electronics,19.05,1,19.05,10,Credit Card,5.0,1
TXN-11270,2025-02-23 08:00:00,CUST-2814,18,Male,Fashion,65.37,2,130.74,15,PayPal,4.0,0
TXN-11271,2025-02-23 09:00:00,CUST-7735,51,Female,Fashion,34.13,2,68.26,0,UPI/NetBanking,4.8,1
TXN-11272,2025-02-23 10:00:00,CUST-5487,34,Male,Fashion,20.39,1,20.39,15,UPI/NetBanking,3.4,0
TXN-11273,2025-02-23 11:00:00,CUST-5705,35,Male,Beauty,69.48,5,347.4,0,UPI/NetBanking,4.3,1
TXN-11274,2025-02-23 12:00:00,CUST-8812,35,Male,Electronics,214.91,1,214.91,15,UPI/NetBanking,4.7,1
TXN-11275,2025-02-23 13:00:00,CUST-9350,27,Male,Home & Kitchen,77.75,1,77.75,0,PayPal,4.2,1
TXN-11276,2025-02-23 14:00:00,CUST-2755,36,Male,Electronics,283.81,5,1419.05,20,UPI/NetBanking,4.1,1
TXN-11277,2025-02-23 15:00:00,CUST-9143,18,Male,Electronics,139.37,5,696.85,5,Credit Card,4.6,1
TXN-11278,2025-02-23 16:00:00,CUST-7960,69,Male,Electronics,58.7,5,293.5,10,UPI/NetBanking,5.0,1
TXN-11279,2025-02-23 17:00:00,CUST-5012,39,Male,Beauty,79.63,4,318.52,0,COD,,0
TXN-11280,2025-02-23 18:00:00,CUST-3244,20,Male,Fashion,483.4,1,483.4,0,COD,4.1,0
TXN-11281,2025-02-23 19:00:00,CUST-7076,34,Male,Home & Kitchen,25.89,3,77.67,10,Debit Card,3.7,0
TXN-11282,2025-02-23 20:00:00,CUST-4878,23,Female,Beauty,80.43,2,160.86,0,PayPal,3.6,0
TXN-11283,2025-02-23 21:00:00,CUST-9020,31,Female,Beauty,23.96,5,119.8,10,COD,3.3,1
TXN-11284,2025-02-23 22:00:00,CUST-6717,66,Male,Home & Kitchen,17.32,1,17.32,25,UPI/NetBanking,4.7,0
TXN-11285,2025-02-23 23:00:00,CUST-1740,30,Female,Electronics,44.71,1,44.71,10,Credit Card,5.0,0
TXN-11286,2025-02-24 00:00:00,CUST-4345,66,Female,Electronics,113.67,2,227.34,10,Debit Card,3.9,0
TXN-11287,2025-02-24 01:00:00,CUST-3868,44,Male,Beauty,35.23,2,70.46,5,UPI/NetBanking,4.5,0
TXN-11288,2025-02-24 02:00:00,CUST-9523,61,Female,Sports,91.14,5,455.7,25,Debit Card,5.0,1
TXN-11289,2025-02-24 03:00:00,CUST-8357,57,Female,Fashion,47.25,5,236.25,0,PayPal,4.2,0
TXN-11290,2025-02-24 04:00:00,CUST-7648,67,Female,Sports,191.57,1,191.57,15,Credit Card,4.1,1
TXN-11291,2025-02-24 05:00:00,CUST-8853,59,Female,Home & Kitchen,27.35,5,136.75,0,Debit Card,3.3,0
TXN-11292,2025-02-24 06:00:00,CUST-1831,56,Female,Electronics,80.82,1,80.82,5,UPI/NetBanking,4.0,0
TXN-11293,2025-02-24 07:00:00,CUST-8007,31,Male,Beauty,116.99,1,116.99,10,UPI/NetBanking,4.5,1
TXN-11294,2025-02-24 08:00:00,CUST-9957,66,Male,Electronics,42.49,3,127.47,0,PayPal,4.4,1
TXN-11295,2025-02-24 09:00:00,CUST-1497,28,Female,Beauty,89.93,1,89.93,10,UPI/NetBanking,3.1,1
TXN-11296,2025-02-24 10:00:00,CUST-9831,21,Female,Home & Kitchen,93.93,2,187.86,25,Credit Card,4.4,0
TXN-11297,2025-02-24 11:00:00,CUST-5786,23,Female,Electronics,108.76,5,543.8,5,UPI/NetBanking,3.4,0
TXN-11298,2025-02-24 12:00:00,CUST-3879,36,Female,Beauty,47.05,4,188.2,0,UPI/NetBanking,,1
TXN-11299,2025-02-24 13:00:00,CUST-1045,33,Male,Home & Kitchen,22.89,5,114.45,0,Credit Card,4.7,1
TXN-11300,2025-02-24 14:00:00,CUST-9383,38,Male,Electronics,46.56,2,93.12,15,UPI/NetBanking,4.7,1
TXN-11301,2025-02-24 15:00:00,CUST-8696,31,Male,Home & Kitchen,95.96,4,383.84,10,PayPal,,1
TXN-11302,2025-02-24 16:00:00,CUST-9615,22,Male,Beauty,238.81,4,955.24,0,UPI/NetBanking,5.0,0
TXN-11303,2025-02-24 17:00:00,CUST-5237,59,Male,Sports,73.65,2,147.3,10,UPI/NetBanking,3.6,1
TXN-11304,2025-02-24 18:00:00,CUST-2051,33,Male,Electronics,116.39,5,581.95,10,PayPal,3.6,0
TXN-11305,2025-02-24 19:00:00,CUST-5875,33,Female,Beauty,26.89,5,134.45,5,Credit Card,3.4,0
TXN-11306,2025-02-24 20:00:00,CUST-8568,70,Male,Sports,99.89,2,199.78,5,PayPal,4.3,1
TXN-11307,2025-02-24 21:00:00,CUST-4753,41,Male,Home & Kitchen,44.57,1,44.57,10,UPI/NetBanking,4.0,1
TXN-11308,2025-02-24 22:00:00,CUST-5761,70,Female,Sports,16.93,2,33.86,15,UPI/NetBanking,3.8,1
TXN-11309,2025-02-24 23:00:00,CUST-6432,26,Male,Beauty,20.4,3,61.2,0,PayPal,4.2,1
TXN-11310,2025-02-25 00:00:00,CUST-4912,31,Male,Beauty,52.28,5,261.4,0,Credit Card,3.8,0
TXN-11311,2025-02-25 01:00:00,CUST-2674,63,Female,Fashion,123.58,1,123.58,10,UPI/NetBanking,4.5,1
TXN-11312,2025-02-25 02:00:00,CUST-4243,26,Male,Fashion,36.74,4,146.96,20,PayPal,5.0,1
TXN-11313,2025-02-25 03:00:00,CUST-6364,24,Male,Fashion,59.45,5,297.25,15,UPI/NetBanking,,1
TXN-11314,2025-02-25 04:00:00,CUST-4419,69,Male,Electronics,143.17,1,143.17,10,Debit Card,3.7,0
TXN-11315,2025-02-25 05:00:00,CUST-7181,58,Female,Electronics,43.35,5,216.75,0,PayPal,5.0,0
TXN-11316,2025-02-25 06:00:00,CUST-7027,40,Male,Electronics,46.69,1,46.69,15,Debit Card,4.2,1
TXN-11317,2025-02-25 07:00:00,CUST-2783,32,Male,Fashion,50.7,1,50.7,10,PayPal,4.7,1
TXN-11318,2025-02-25 08:00:00,CUST-9287,33,Male,Fashion,61.05,1,61.05,0,Credit Card,5.0,1
TXN-11319,2025-02-25 09:00:00,CUST-3130,44,Female,Electronics,53.85,1,53.85,15,Credit Card,3.6,1
TXN-11320,2025-02-25 10:00:00,CUST-1759,24,Male,Electronics,143.82,1,143.82,20,COD,4.7,0
TXN-11321,2025-02-25 11:00:00,CUST-4328,43,Female,Electronics,189.23,1,189.23,5,PayPal,4.7,1
TXN-11322,2025-02-25 12:00:00,CUST-4581,39,Male,Beauty,75.47,2,150.94,5,Credit Card,4.0,1
TXN-11323,2025-02-25 13:00:00,CUST-3336,51,Female,Electronics,295.53,1,295.53,0,Debit Card,,1
TXN-11324,2025-02-25 14:00:00,CUST-8330,39,Male,Fashion,108.49,5,542.45,15,UPI/NetBanking,4.4,1
TXN-11325,2025-02-25 15:00:00,CUST-3033,60,Male,Home & Kitchen,16.55,1,16.55,10,COD,5.0,0
TXN-11326,2025-02-25 16:00:00,CUST-5740,29,Female,Home & Kitchen,66.3,3,198.9,10,Credit Card,3.9,1
TXN-11327,2025-02-25 17:00:00,CUST-7158,60,Male,Home & Kitchen,93.88,5,469.4,15,PayPal,3.3,1
TXN-11328,2025-02-25 18:00:00,CUST-2468,36,Male,Beauty,88.59,5,442.95,0,Credit Card,5.0,0
TXN-11329,2025-02-25 19:00:00,CUST-4185,30,Male,Beauty,154.86,2,309.72,0,Credit Card,4.3,1
TXN-11330,2025-02-25 20:00:00,CUST-1897,62,Male,Home & Kitchen,29.32,1,29.32,5,UPI/NetBanking,3.9,0
TXN-11331,2025-02-25 21:00:00,CUST-4737,32,Male,Home & Kitchen,217.68,2,435.36,20,UPI/NetBanking,3.9,1
TXN-11332,2025-02-25 22:00:00,CUST-1286,36,Female,Beauty,288.65,1,288.65,25,COD,4.0,1
TXN-11333,2025-02-25 23:00:00,CUST-3412,66,Male,Home & Kitchen,63.4,3,190.2,0,UPI/NetBanking,4.3,0
TXN-11334,2025-02-26 00:00:00,CUST-2192,31,Male,Fashion,62.18,2,124.36,15,Debit Card,3.4,0
TXN-11335,2025-02-26 01:00:00,CUST-4146,43,Female,Electronics,150.24,3,450.72,15,Credit Card,5.0,1
TXN-11336,2025-02-26 02:00:00,CUST-3690,32,Male,Home & Kitchen,76.31,5,381.55,5,Debit Card,5.0,1
TXN-11337,2025-02-26 03:00:00,CUST-9255,23,Female,Beauty,49.66,1,49.66,0,Credit Card,4.7,1
TXN-11338,2025-02-26 04:00:00,CUST-5575,58,Female,Beauty,47.96,4,191.84,5,Credit Card,4.5,1
TXN-11339,2025-02-26 05:00:00,CUST-7736,21,Female,Electronics,42.9,1,42.9,20,UPI/NetBanking,5.0,0
TXN-11340,2025-02-26 06:00:00,CUST-1953,46,Female,Home & Kitchen,137.36,4,549.44,10,UPI/NetBanking,3.9,1
TXN-11341,2025-02-26 07:00:00,CUST-8768,21,Non-Binary,Home & Kitchen,244.11,1,244.11,15,Credit Card,4.1,1
TXN-11342,2025-02-26 08:00:00,CUST-9741,30,Male,Fashion,22.94,2,45.88,25,Credit Card,4.5,1
TXN-11343,2025-02-26 09:00:00,CUST-2781,23,Male,Electronics,486.71,2,973.42,10,Credit Card,4.8,0
TXN-11344,2025-02-26 10:00:00,CUST-4585,33,Female,Sports,47.5,4,190.0,5,UPI/NetBanking,4.6,0
TXN-11345,2025-02-26 11:00:00,CUST-9932,34,Female,Home & Kitchen,30.7,5,153.5,5,Credit Card,4.5,1
TXN-11346,2025-02-26 12:00:00,CUST-2548,36,Non-Binary,Electronics,34.49,3,103.47,15,UPI/NetBanking,5.0,1
TXN-11347,2025-02-26 13:00:00,CUST-9186,28,Female,Electronics,167.62,1,167.62,20,Debit Card,3.5,1
TXN-11348,2025-02-26 14:00:00,CUST-2676,34,Female,Sports,31.0,5,155.0,5,Debit Card,3.9,1
TXN-11349,2025-02-26 15:00:00,CUST-4795,52,Male,Electronics,76.56,5,382.8,10,Credit Card,,0
TXN-11350,2025-02-26 16:00:00,CUST-8366,19,Female,Home & Kitchen,81.86,4,327.44,5,COD,3.5,1
TXN-11351,2025-02-26 17:00:00,CUST-2000,49,Male,Fashion,143.66,2,287.32,20,Credit Card,3.9,1
TXN-11352,2025-02-26 18:00:00,CUST-3800,58,Male,Home & Kitchen,22.66,4,90.64,10,PayPal,,0
TXN-11353,2025-02-26 19:00:00,CUST-8328,61,Male,Home & Kitchen,127.08,5,635.4,10,COD,4.5,1
TXN-11354,2025-02-26 20:00:00,CUST-6363,47,Female,Sports,84.31,5,421.55,15,Credit Card,3.8,1
TXN-11355,2025-02-26 21:00:00,CUST-1264,26,Female,Electronics,49.15,1,49.15,25,PayPal,3.8,1
TXN-11356,2025-02-26 22:00:00,CUST-8096,56,Female,Electronics,310.45,2,620.9,0,UPI/NetBanking,3.5,0
TXN-11357,2025-02-26 23:00:00,CUST-2376,46,Female,Fashion,293.93,1,293.93,10,UPI/NetBanking,3.6,0
TXN-11358,2025-02-27 00:00:00,CUST-9912,42,Male,Fashion,319.26,2,638.52,0,UPI/NetBanking,4.5,0
TXN-11359,2025-02-27 01:00:00,CUST-8559,52,Female,Fashion,180.33,5,901.65,20,UPI/NetBanking,2.4,0
TXN-11360,2025-02-27 02:00:00,CUST-3121,54,Male,Sports,18.31,5,91.55,5,UPI/NetBanking,4.6,0
TXN-11361,2025-02-27 03:00:00,CUST-1849,19,Female,Beauty,134.75,4,539.0,5,UPI/NetBanking,5.0,1
TXN-11362,2025-02-27 04:00:00,CUST-1501,28,Male,Fashion,143.08,3,429.24,20,Credit Card,3.4,0
TXN-11363,2025-02-27 05:00:00,CUST-3299,70,Female,Electronics,39.07,2,78.14,10,PayPal,4.1,1
TXN-11364,2025-02-27 06:00:00,CUST-4640,30,Female,Sports,87.25,1,87.25,5,Credit Card,3.9,1
TXN-11365,2025-02-27 07:00:00,CUST-6535,48,Male,Sports,56.89,5,284.45,0,COD,3.6,1
TXN-11366,2025-02-27 08:00:00,CUST-6625,68,Female,Electronics,182.39,5,911.95,0,PayPal,5.0,1
TXN-11367,2025-02-27 09:00:00,CUST-7328,53,Male,Home & Kitchen,134.9,3,404.7,15,Credit Card,4.4,1
TXN-11368,2025-02-27 10:00:00,CUST-2965,50,Female,Electronics,166.82,4,667.28,10,Credit Card,4.5,0
TXN-11369,2025-02-27 11:00:00,CUST-1617,41,Male,Fashion,48.44,4,193.76,0,Debit Card,3.7,0
TXN-11370,2025-02-27 12:00:00,CUST-3842,31,Female,Fashion,173.95,5,869.75,0,PayPal,4.1,1
TXN-11371,2025-02-27 13:00:00,CUST-3452,59,Female,Electronics,139.83,1,139.83,0,UPI/NetBanking,4.3,1
TXN-11372,2025-02-27 14:00:00,CUST-2999,51,Male,Electronics,127.08,2,254.16,15,Credit Card,4.3,1
TXN-11373,2025-02-27 15:00:00,CUST-6706,26,Female,Home & Kitchen,222.45,4,889.8,5,COD,5.0,1
TXN-11374,2025-02-27 16:00:00,CUST-7807,46,Female,Electronics,183.71,2,367.42,5,Credit Card,4.1,1
TXN-11375,2025-02-27 17:00:00,CUST-6562,45,Non-Binary,Beauty,47.45,5,237.25,0,UPI/NetBanking,3.2,1
TXN-11376,2025-02-27 18:00:00,CUST-2944,69,Female,Sports,17.19,1,17.19,20,Credit Card,3.8,1
TXN-11377,2025-02-27 19:00:00,CUST-4802,33,Male,Beauty,197.44,1,197.44,15,Debit Card,4.6,0
TXN-11378,2025-02-27 20:00:00,CUST-6569,51,Male,Home & Kitchen,83.93,2,167.86,10,Credit Card,3.2,0
TXN-11379,2025-02-27 21:00:00,CUST-9038,62,Non-Binary,Electronics,65.66,4,262.64,15,Credit Card,4.1,1
TXN-11380,2025-02-27 22:00:00,CUST-3125,50,Non-Binary,Home & Kitchen,228.88,3,686.64,0,COD,4.3,1
TXN-11381,2025-02-27 23:00:00,CUST-2734,30,Female,Electronics,94.29,1,94.29,10,UPI/NetBanking,3.8,1
TXN-11382,2025-02-28 00:00:00,CUST-2472,44,Male,Electronics,122.46,4,489.84,5,UPI/NetBanking,3.3,1
TXN-11383,2025-02-28 01:00:00,CUST-3899,40,Female,Fashion,131.76,3,395.28,10,Credit Card,4.8,0
TXN-11384,2025-02-28 02:00:00,CUST-1535,57,Male,Beauty,179.07,4,716.28,5,PayPal,4.4,1
TXN-11385,2025-02-28 03:00:00,CUST-8201,59,Male,Electronics,113.86,2,227.72,5,PayPal,4.3,1
TXN-11386,2025-02-28 04:00:00,CUST-4049,19,Male,Electronics,88.06,5,440.3,20,Credit Card,4.4,1
TXN-11387,2025-02-28 05:00:00,CUST-6356,55,Male,Fashion,83.47,2,166.94,0,Credit Card,4.5,1
TXN-11388,2025-02-28 06:00:00,CUST-5006,52,Male,Home & Kitchen,46.3,4,185.2,0,PayPal,4.2,0
TXN-11389,2025-02-28 07:00:00,CUST-7440,19,Female,Electronics,39.9,4,159.6,10,PayPal,3.4,1
TXN-11390,2025-02-28 08:00:00,CUST-8189,,Female,Fashion,30.03,3,90.09,0,COD,3.4,0
TXN-11391,2025-02-28 09:00:00,CUST-9033,70,Male,Home & Kitchen,84.46,5,422.3,0,Credit Card,4.1,1
TXN-11392,2025-02-28 10:00:00,CUST-2614,41,Male,Beauty,183.95,5,919.75,0,Credit Card,4.3,1
TXN-11393,2025-02-28 11:00:00,CUST-8628,50,Female,Fashion,112.81,3,338.43,10,UPI/NetBanking,3.4,1
TXN-11394,2025-02-28 12:00:00,CUST-1997,66,Female,Beauty,18.51,1,18.51,0,Credit Card,3.4,1
TXN-11395,2025-02-28 13:00:00,CUST-6254,22,Male,Beauty,276.9,5,1384.5,20,Debit Card,,0
TXN-11396,2025-02-28 14:00:00,CUST-3743,64,Female,Home & Kitchen,107.71,1,107.71,5,UPI/NetBanking,3.2,1
TXN-11397,2025-02-28 15:00:00,CUST-4159,70,Male,Electronics,60.66,4,242.64,0,PayPal,3.9,0
TXN-11398,2025-02-28 16:00:00,CUST-3472,25,Male,Electronics,113.67,4,454.68,5,PayPal,4.0,0
TXN-11399,2025-02-28 17:00:00,CUST-2462,42,Male,Electronics,31.94,1,31.94,10,Credit Card,3.6,1
TXN-11400,2025-02-28 18:00:00,CUST-8170,30,Female,Home & Kitchen,35.48,3,106.44,10,UPI/NetBanking,5.0,1
TXN-11401,2025-02-28 19:00:00,CUST-3930,60,Female,Beauty,24.3,3,72.9,0,Credit Card,,1
TXN-11402,2025-02-28 20:00:00,CUST-7468,26,Female,Beauty,88.02,3,264.06,25,Credit Card,5.0,1
TXN-11403,2025-02-28 21:00:00,CUST-7008,40,Female,Beauty,20.81,1,20.81,15,Credit Card,5.0,1
TXN-11404,2025-02-28 22:00:00,CUST-3100,55,Female,Electronics,23.69,4,94.76,0,Credit Card,3.8,0
TXN-11405,2025-02-28 23:00:00,CUST-6028,26,Male,Electronics,256.31,2,512.62,0,COD,4.7,1
TXN-11406,2025-03-01 00:00:00,CUST-6928,48,Male,Fashion,20.29,5,101.45,10,UPI/NetBanking,4.8,1
TXN-11407,2025-03-01 01:00:00,CUST-7755,26,Female,Fashion,261.77,1,261.77,5,Credit Card,4.6,1
TXN-11408,2025-03-01 02:00:00,CUST-1124,63,Female,Electronics,20.14,1,20.14,10,COD,2.6,1
TXN-11409,2025-03-01 03:00:00,CUST-7038,68,Male,Electronics,64.71,3,194.13,5,UPI/NetBanking,4.2,0
TXN-11410,2025-03-01 04:00:00,CUST-8857,26,Female,Electronics,63.41,1,63.41,0,Credit Card,4.3,0
TXN-11411,2025-03-01 05:00:00,CUST-7759,24,Male,Electronics,258.81,4,1035.24,0,UPI/NetBanking,3.8,1
TXN-11412,2025-03-01 06:00:00,CUST-7000,27,Female,Beauty,24.73,3,74.19,15,UPI/NetBanking,4.9,0
TXN-11413,2025-03-01 07:00:00,CUST-8568,39,Male,Electronics,188.57,3,565.71,25,COD,4.4,0
TXN-11414,2025-03-01 08:00:00,CUST-7563,63,Male,Electronics,63.54,3,190.62,10,UPI/NetBanking,3.5,0
TXN-11415,2025-03-01 09:00:00,CUST-1486,53,Male,Electronics,109.51,2,219.02,10,Credit Card,4.5,1
TXN-11416,2025-03-01 10:00:00,CUST-5165,43,Male,Electronics,52.04,1,52.04,10,Debit Card,4.0,1
TXN-11417,2025-03-01 11:00:00,CUST-7602,24,Male,Fashion,90.64,1,90.64,15,Credit Card,4.2,1
TXN-11418,2025-03-01 12:00:00,CUST-3036,20,Male,Home & Kitchen,89.87,5,449.35,15,UPI/NetBanking,3.2,1
TXN-11419,2025-03-01 13:00:00,CUST-5416,38,Male,Sports,20.78,2,41.56,0,UPI/NetBanking,3.8,1
TXN-11420,2025-03-01 14:00:00,CUST-5876,56,Female,Sports,57.71,5,288.55,10,UPI/NetBanking,4.9,1
TXN-11421,2025-03-01 15:00:00,CUST-2970,42,Female,Home & Kitchen,24.15,4,96.6,25,Credit Card,4.5,1
TXN-11422,2025-03-01 16:00:00,CUST-8946,35,Male,Beauty,137.09,4,548.36,0,PayPal,3.7,1
TXN-11423,2025-03-01 17:00:00,CUST-2866,46,Female,Electronics,161.97,3,485.91,0,UPI/NetBanking,3.4,1
TXN-11424,2025-03-01 18:00:00,CUST-1431,21,Female,Beauty,81.11,2,162.22,0,UPI/NetBanking,3.7,1
TXN-11425,2025-03-01 19:00:00,CUST-5251,52,Female,Beauty,37.79,5,188.95,10,UPI/NetBanking,3.3,1
TXN-11426,2025-03-01 20:00:00,CUST-8349,25,Male,Fashion,16.93,5,84.65,10,UPI/NetBanking,4.1,1
TXN-11427,2025-03-01 21:00:00,CUST-2156,43,Female,Fashion,27.65,1,27.65,5,Debit Card,4.1,1
TXN-11428,2025-03-01 22:00:00,CUST-4819,46,Non-Binary,Fashion,244.14,5,1220.7,0,Debit Card,5.0,1
TXN-11429,2025-03-01 23:00:00,CUST-2535,29,Female,Fashion,22.56,5,112.8,5,PayPal,4.4,1
TXN-11430,2025-03-02 00:00:00,CUST-9370,61,Female,Electronics,30.36,4,121.44,10,UPI/NetBanking,4.2,1
TXN-11431,2025-03-02 01:00:00,CUST-8817,21,Male,Home & Kitchen,37.14,1,37.14,0,PayPal,3.3,1
TXN-11432,2025-03-02 02:00:00,CUST-6809,49,Female,Home & Kitchen,31.56,3,94.68,10,Debit Card,4.4,0
TXN-11433,2025-03-02 03:00:00,CUST-8540,69,Female,Home & Kitchen,32.05,1,32.05,20,COD,5.0,0
TXN-11434,2025-03-02 04:00:00,CUST-7165,33,Female,Sports,62.68,3,188.04,5,Credit Card,5.0,0
TXN-11435,2025-03-02 05:00:00,CUST-3332,40,Female,Electronics,99.58,3,298.74,10,Credit Card,4.3,1
TXN-11436,2025-03-02 06:00:00,CUST-4637,43,Female,Fashion,95.93,4,383.72,0,Credit Card,5.0,1
TXN-11437,2025-03-02 07:00:00,CUST-2116,57,Female,Electronics,21.52,1,21.52,10,PayPal,4.1,0
TXN-11438,2025-03-02 08:00:00,CUST-3674,31,Female,Electronics,35.4,4,141.6,20,Credit Card,4.7,1
TXN-11439,2025-03-02 09:00:00,CUST-2546,67,Female,Electronics,30.39,3,91.17,15,UPI/NetBanking,4.3,1
TXN-11440,2025-03-02 10:00:00,CUST-8027,20,Female,Home & Kitchen,42.17,5,210.85,5,Debit Card,4.1,1
TXN-11441,2025-03-02 11:00:00,CUST-2070,26,Female,Home & Kitchen,87.38,5,436.9,10,UPI/NetBanking,2.7,1
TXN-11442,2025-03-02 12:00:00,CUST-7565,53,Male,Electronics,64.72,4,258.88,10,COD,4.7,1
TXN-11443,2025-03-02 13:00:00,CUST-7169,52,Male,Home & Kitchen,96.67,2,193.34,10,UPI/NetBanking,3.4,1
TXN-11444,2025-03-02 14:00:00,CUST-6105,42,Female,Home & Kitchen,186.31,3,558.93,5,Credit Card,4.0,1
TXN-11445,2025-03-02 15:00:00,CUST-3958,61,Female,Sports,39.05,4,156.2,20,Credit Card,3.9,1
TXN-11446,2025-03-02 16:00:00,CUST-7921,21,Male,Home & Kitchen,133.76,5,668.8,15,Credit Card,3.3,0
TXN-11447,2025-03-02 17:00:00,CUST-9432,38,Male,Electronics,71.49,1,71.49,0,PayPal,4.8,1
TXN-11448,2025-03-02 18:00:00,CUST-5894,55,Male,Electronics,230.23,4,920.92,10,Credit Card,4.8,1
TXN-11449,2025-03-02 19:00:00,CUST-7724,68,Male,Electronics,160.85,3,482.55,5,Debit Card,3.5,1
TXN-11450,2025-03-02 20:00:00,CUST-9806,54,Male,Sports,139.19,2,278.38,0,UPI/NetBanking,3.7,1
TXN-11451,2025-03-02 21:00:00,CUST-5228,42,Female,Beauty,32.32,4,129.28,5,Credit Card,4.4,1
TXN-11452,2025-03-02 22:00:00,CUST-6685,21,Male,Sports,62.11,2,124.22,0,Credit Card,4.3,1
TXN-11453,2025-03-02 23:00:00,CUST-8837,48,Male,Electronics,47.28,1,47.28,5,Credit Card,3.4,1
TXN-11454,2025-03-03 00:00:00,CUST-2637,50,Female,Electronics,150.49,4,601.96,25,Credit Card,3.9,1
TXN-11455,2025-03-03 01:00:00,CUST-7489,49,Non-Binary,Electronics,191.49,2,382.98,10,Debit Card,4.1,1
TXN-11456,2025-03-03 02:00:00,CUST-1223,35,Male,Sports,59.64,3,178.92,20,UPI/NetBanking,4.4,0
TXN-11457,2025-03-03 03:00:00,CUST-4340,32,Female,Beauty,50.6,4,202.4,5,UPI/NetBanking,4.5,1
TXN-11458,2025-03-03 04:00:00,CUST-1787,40,Non-Binary,Home & Kitchen,54.07,3,162.21,20,Credit Card,3.7,0
TXN-11459,2025-03-03 05:00:00,CUST-6313,41,Female,Sports,41.56,1,41.56,10,UPI/NetBanking,3.2,0
TXN-11460,2025-03-03 06:00:00,CUST-8654,27,Female,Beauty,21.78,2,43.56,20,Credit Card,3.1,1
TXN-11461,2025-03-03 07:00:00,CUST-9048,57,Female,Sports,65.93,4,263.72,15,Credit Card,4.6,1
TXN-11462,2025-03-03 08:00:00,CUST-3725,19,Male,Beauty,80.8,2,161.6,15,Debit Card,5.0,1
TXN-11463,2025-03-03 09:00:00,CUST-2102,42,Non-Binary,Beauty,40.01,2,80.02,0,UPI/NetBanking,4.3,0
TXN-11464,2025-03-03 10:00:00,CUST-9934,27,Male,Beauty,49.17,2,98.34,20,Credit Card,5.0,1
TXN-11465,2025-03-03 11:00:00,CUST-9432,43,Male,Fashion,76.36,1,76.36,15,Credit Card,3.3,0
TXN-11466,2025-03-03 12:00:00,CUST-6889,45,Male,Fashion,160.5,3,481.5,10,UPI/NetBanking,3.0,0
TXN-11467,2025-03-03 13:00:00,CUST-6251,56,Male,Fashion,289.34,5,1446.7,10,Debit Card,4.6,1
TXN-11468,2025-03-03 14:00:00,CUST-7972,51,Female,Electronics,200.12,5,1000.6,0,COD,3.9,1
TXN-11469,2025-03-03 15:00:00,CUST-5493,61,Male,Fashion,18.15,1,18.15,20,COD,4.0,1
TXN-11470,2025-03-03 16:00:00,CUST-5139,26,Female,Beauty,103.92,5,519.6,5,UPI/NetBanking,4.3,0
TXN-11471,2025-03-03 17:00:00,CUST-9191,70,Male,Beauty,35.05,2,70.1,10,UPI/NetBanking,3.8,1
TXN-11472,2025-03-03 18:00:00,CUST-4474,25,Male,Electronics,32.4,2,64.8,20,Credit Card,3.6,0
TXN-11473,2025-03-03 19:00:00,CUST-1488,58,Female,Beauty,229.21,4,916.84,15,Credit Card,4.7,1
TXN-11474,2025-03-03 20:00:00,CUST-4102,68,Male,Electronics,124.58,5,622.9,0,Credit Card,5.0,1
TXN-11475,2025-03-03 21:00:00,CUST-8906,68,Female,Beauty,102.2,2,204.4,5,UPI/NetBanking,3.9,0
TXN-11476,2025-03-03 22:00:00,CUST-2600,30,Female,Sports,66.91,4,267.64,20,Credit Card,4.1,1
TXN-11477,2025-03-03 23:00:00,CUST-7212,22,Male,Sports,19.01,4,76.04,25,PayPal,4.8,0
TXN-11478,2025-03-04 00:00:00,CUST-1213,43,Female,Electronics,22.69,1,22.69,15,Debit Card,4.2,1
TXN-11479,2025-03-04 01:00:00,CUST-6307,57,Female,Sports,41.62,5,208.1,5,UPI/NetBanking,,1
TXN-11480,2025-03-04 02:00:00,CUST-4189,53,Male,Home & Kitchen,55.35,5,276.75,10,UPI/NetBanking,4.2,1
TXN-11481,2025-03-04 03:00:00,CUST-1252,52,Male,Home & Kitchen,208.79,5,1043.95,0,UPI/NetBanking,3.4,0
TXN-11482,2025-03-04 04:00:00,CUST-1501,55,Male,Fashion,172.86,5,864.3,5,UPI/NetBanking,3.3,0
TXN-11483,2025-03-04 05:00:00,CUST-1364,26,Male,Home & Kitchen,392.74,4,1570.96,15,UPI/NetBanking,4.4,0
TXN-11484,2025-03-04 06:00:00,CUST-2288,18,Female,Sports,87.06,2,174.12,20,PayPal,3.8,1
TXN-11485,2025-03-04 07:00:00,CUST-2929,47,Male,Electronics,132.14,4,528.56,0,UPI/NetBanking,5.0,1
TXN-11486,2025-03-04 08:00:00,CUST-3370,56,Female,Fashion,27.6,3,82.8,0,Credit Card,4.8,0
TXN-11487,2025-03-04 09:00:00,CUST-2219,69,Female,Sports,198.02,3,594.06,0,Credit Card,3.9,1
TXN-11488,2025-03-04 10:00:00,CUST-1743,67,Female,Electronics,88.33,2,176.66,15,UPI/NetBanking,4.7,1
TXN-11489,2025-03-04 11:00:00,CUST-1295,21,Male,Fashion,235.56,3,706.68,5,COD,4.3,1
TXN-11490,2025-03-04 12:00:00,CUST-8700,50,Male,Home & Kitchen,48.8,3,146.4,0,Credit Card,4.6,1
TXN-11491,2025-03-04 13:00:00,CUST-9465,62,Male,Fashion,23.02,4,92.08,0,COD,5.0,0
TXN-11492,2025-03-04 14:00:00,CUST-2079,40,Female,Home & Kitchen,133.88,1,133.88,0,UPI/NetBanking,3.7,1
TXN-11493,2025-03-04 15:00:00,CUST-8599,24,Non-Binary,Home & Kitchen,47.16,4,188.64,0,Debit Card,4.4,1
TXN-11494,2025-03-04 16:00:00,CUST-1872,26,Male,Electronics,21.25,4,85.0,10,PayPal,,1
TXN-11495,2025-03-04 17:00:00,CUST-2419,54,Female,Home & Kitchen,48.69,3,146.07,0,UPI/NetBanking,5.0,1
TXN-11496,2025-03-04 18:00:00,CUST-7769,54,Male,Beauty,50.92,5,254.6,0,COD,3.2,1
TXN-11497,2025-03-04 19:00:00,CUST-9432,48,Male,Fashion,80.71,2,161.42,20,PayPal,4.8,0
TXN-11498,2025-03-04 20:00:00,CUST-1743,67,Female,Home & Kitchen,36.31,2,72.62,0,Debit Card,5.0,0
TXN-11499,2025-03-04 21:00:00,CUST-5194,70,Male,Beauty,28.95,5,144.75,0,Debit Card,3.4,1
